age_of_customer,sex,ctry,town,swimming_hours_per_week,biking_hours_per_week,running_hours_per_week,total_training_hours_per_week,vo2_max,10k_running_time_prediction,calories_burned_per_week,support_cases_of_customer,customer_years,most_current_software_update,goal_of_training,preferred_training_daytime,subscription_type,color_of_watch,synchronisation,user_of_latest_model
1.4713522244494153,Other,UK,Birmingham,0.23402499639789373,-1.972050454587247,-0.6128162910389765,-1.5049028442850105,-1.7825232817470635,1.7743889297752873,-1.335396993526796,0.11890224108439283,-0.9284509915443238,-0.3335490391284641,Fitness,Evening,Free,White,Yes,1.0
1.1791684078030877,Other,Australia,Sydney,-0.3655013339779546,1.2323610917566519,0.6770927135091441,1.078956252273893,-0.9604960217616672,1.1881653302683681,1.01869915007634,0.11890224108439283,-0.9284509915443238,0.20798513111991299,Fitness,Evening,Premium,Black,Yes,0.0
-0.7575273526989368,Other,India,Bangalore,-0.5954607442343269,1.647407868298004,2.1446728268773114,1.9910696016881904,2.0092726926064297,-1.9357979608066198,2.0412137291491703,0.11890224108439283,-1.5703704124405715,-0.5373234640517998,Competition,Afternoon,Free,White,Yes,1.0
-1.3843449426205798,Male,Germany,Munich,0.06969466356804452,-0.09333490138394497,-1.1114305960916104,-0.5782205392237116,-0.2292943473545224,0.060626330815146054,-0.5668630526234256,0.7635670295178747,-1.5703704124405715,-0.4957552963112176,Recreation,Evening,Premium,Black,No,1.0
1.617859327933322,Male,India,Mumbai,-0.8504828871218243,0.2485074217064808,-1.2727529989374502,-0.6973238010394112,-1.7430945556721884,1.9166894762481694,-0.7302939261591963,0.7635670295178747,-0.07297523146279654,-1.4412624082958958,Recreation,Morning,Basic,Black,Yes,0.0
-0.6871606925777262,Other,India,Mumbai,-0.7123259774420932,0.47356104461719417,-1.3468329724110335,-0.46941552813025633,0.9870688597528535,-0.6039112038515864,-0.4826427936574502,0.11890224108439283,1.067103651125418,-0.5877935090073496,Recreation,Morning,Basic,Black,Yes,0.0
-0.7575273526989368,Female,UK,Missing,-0.8240062232021981,-0.27947686278778094,0.5371048175430051,-0.28201263445561686,0.9999706653169749,-1.3642037038611108,-0.1782223195834883,1.3526725834329467,-0.07297523146279654,0.8717222854456417,Recreation,Afternoon,Free,Black,Yes,0.0
0.2380761059425596,Other,India,Bangalore,-0.11508416342007874,0.38354906015177764,-0.39778820164465695,0.025163956445960426,-0.33714066606805115,0.10986386354234873,-0.044396645505799845,0.7635670295178747,-0.4580463641611468,-1.3613878874033472,Recreation,Afternoon,Basic,Black,Yes,0.0
-1.2461577669060369,Other,USA,New York,-1.4003310366547574,-0.6176721250229146,0.3933544153207137,-0.8022605399476257,0.6725196110145685,-1.0063809107169013,-0.6711010241778681,0.11890224108439283,-0.9284509915443238,-0.19250945787914264,Recreation,Evening,Free,Black,Yes,0.0
-0.47530895989914296,Other,UK,Birmingham,-0.7647152496668083,0.4659260353121092,-0.459492354831015,-0.15189102428131057,0.7402490464441319,-0.17474681821849813,-0.23874065683927348,-1.4873095230677231,-0.07297523146279654,0.34222460677765787,Recreation,Afternoon,Free,White,Yes,0.0
0.8881520237558846,Other,USA,Chicago,-0.13990862397899692,0.22416627872188738,-0.9110690017265523,-0.32247132161510206,-0.7020595992340533,1.3010420312409594,-0.4129202734168247,1.3526725834329467,0.25897267409462416,0.08514424251973592,Recreation,Afternoon,Basic,Black,Yes,0.0
1.1791684078030877,Male,Germany,Hamburg,1.251701462433395,-0.18356608340747188,0.7135600256033838,0.5679263807127601,-1.2967809974657436,0.8776544680731487,0.5502017330279811,-0.6089708355271841,-1.5703704124405715,0.11429413228066668,Competition,Morning,Free,Black,No,0.0
0.8155896249369979,Other,UK,London,-0.39716291471157034,0.13629495547193762,0.028769606993458794,-0.08069149733009533,-0.5594438879995867,0.6302201459316351,-0.05899129339799032,0.11890224108439283,-1.5703704124405715,0.6289524169231774,Recreation,Afternoon,Basic,White,Yes,0.0
-0.47530895989914296,Female,Germany,Hamburg,-0.028552435743161925,1.084935632917089,1.8293490433263224,1.570633201778228,1.7788193247566308,-1.6776566323847546,1.5112740678243823,0.11890224108439283,-0.4580463641611468,-1.9464503294493802,Competition,Afternoon,Premium,Black,No,1.0
1.2521078550527232,Male,UK,Manchester,1.4629163889792816,-0.7691898844958373,-0.09295905343355051,-0.07855087517604033,-1.4745907080449479,1.5812242210009406,-0.16855781170408332,1.3526725834329467,0.5539255025804781,-0.4628071862439859,Fitness,Morning,Premium,Black,Yes,0.0
-1.5218043565792725,Female,Australia,Sydney,-0.5890072884475747,-0.3815959994333655,-0.29203716021145576,-0.6997908221408999,0.18372363968629332,0.19274820160139225,-0.6990212602605019,0.7635670295178747,-0.9284509915443238,0.16493780869865127,Recreation,Morning,Free,Black,Yes,0.0
-0.7575273526989368,Female,India,Mumbai,0.4505141442896371,-0.41420638589265163,-0.35212912942038077,-0.3541962987996714,0.4665016031971824,-1.023188563462964,-0.40859103728668134,0.7635670295178747,-0.9284509915443238,0.6021866873135282,Fitness,Evening,Basic,Black,Yes,1.0
-1.5218043565792725,Female,Australia,Sydney,0.9862659754199078,-0.945544305458627,-0.8297299834358308,-0.6973238010394112,0.7521080579776497,-0.2958875127413794,-0.6273816249804173,0.7635670295178747,-0.9284509915443238,-0.38156415734119425,Fitness,Afternoon,Basic,Black,Yes,1.0
0.30995992984872417,Female,Germany,Berlin,0.3786659933069063,0.5590846783527995,-0.2771499768858179,0.37651460969709805,0.12096596392831685,0.22266824813191693,0.35297202234588326,-0.6089708355271841,0.8212898586265683,-0.5962699709810306,Fitness,Morning,Premium,Black,Yes,0.0
1.3982008725410255,Male,India,Missing,-0.40985146362227115,1.4145318939971492,-1.444273864564338,0.473099756167108,-1.6777488939563647,1.8110424182425262,0.3685475966959509,1.3526725834329467,-1.5703704124405715,1.401375518103847,Competition,Evening,Premium,Black,Yes,0.0
0.16628489065817217,Male,UK,Birmingham,-0.6797264142607907,0.8660220721053928,-0.03636914194404481,0.39014605277098874,0.11482344178166587,-0.5853992555125352,0.4569334000562857,1.3526725834329467,0.8212898586265683,-0.5540739447125328,Fitness,Evening,Basic,White,Yes,1.0
-0.11991287048315613,Female,India,Bangalore,0.12466956806738248,0.5665442879660679,-1.763343875371804,-0.20877354226703695,0.5004676477299583,0.02790532157184766,-0.27783616887138135,0.7635670295178747,-0.07297523146279654,-1.1590318198448375,Fitness,Afternoon,Free,Black,Yes,0.0
1.691213061789767,Female,USA,New York,-0.8504828871218243,-0.44054689519807133,-0.7335285070450848,-1.066764969257719,-1.9777691361007053,1.9236701271528267,-0.9535010139108974,0.7635670295178747,-0.4580463641611468,1.2798573514802423,Fitness,Afternoon,Premium,Black,Yes,0.0
1.3982008725410255,Male,India,Bangalore,-0.25846873622817934,-0.42405743750309954,0.1021055373251351,-0.40681818394570163,-1.8587735525036908,1.3852457512097092,-0.3420973706732075,-1.4873095230677231,0.5539255025804781,-1.2846383545921807,Recreation,Evening,Free,Black,Yes,0.0
-1.4531696077757001,Male,USA,New York,-0.1772322014755366,0.4786428862927358,-1.319655729804703,-0.2619199111357687,1.0438357174395196,0.30963444763151543,-0.15917059103181141,-1.4873095230677231,-0.9284509915443238,0.9295474251093568,Recreation,Morning,Free,Black,Yes,1.0
0.8155896249369979,Male,India,Bangalore,-0.31501655249850574,0.9439838914622104,0.14736678752175159,0.6388753963339391,-0.45117349158527165,0.1954785187590268,0.6174027555505842,0.11890224108439283,1.067103651125418,-0.6218140718926481,Competition,Evening,Premium,Black,No,0.0
-0.8277624448939587,Other,USA,Chicago,2.113535206790313,-0.30469850308697244,0.7337174961208454,0.7852599233156636,1.3027595677274857,-0.8761441495579902,0.7958149971017272,0.11890224108439283,-0.07297523146279654,0.9167365244508796,Competition,Afternoon,Free,White,Yes,1.0
0.022988302149390624,Other,Germany,Hamburg,-0.2647391755982344,0.15569808613019426,-0.2672546634327264,-0.15624160684327912,0.30169025522671644,-0.11932120780714953,-0.21591373136215758,1.3526725834329467,0.5539255025804781,0.7415426486260581,Recreation,Morning,Free,Black,Yes,0.0
-1.3153385094155594,Other,Australia,Brisbane,0.7643875793204931,1.5182479345332973,0.8571238702411217,1.6802806185551147,1.3006058686334871,-1.4420190671473123,1.7638021856781025,1.3526725834329467,-0.9284509915443238,-0.7789794808855943,Competition,Missing,Basic,Black,Yes,1.0
-0.26240001513565236,Female,UK,Manchester,0.07581306114556544,0.33643211653057375,-0.9704375855922348,-0.17368528130389244,0.5270330486800382,-0.04424783362613105,-0.2004544266415869,-0.6089708355271841,1.2955080648157982,1.3347580306543967,Recreation,Evening,Free,Black,Yes,0.0
1.1063018754321465,Other,India,Mumbai,-0.4225538666230824,1.5363291034704878,1.3558854857298825,1.5958636205703176,-0.47552733557957333,0.7123873238012044,1.6220360537263,-0.6089708355271841,-0.07297523146279654,1.094140682353787,Missing,Afternoon,Basic,Black,Yes,0.0
1.1063018754321465,Female,Australia,Melbourne,-0.19593376211754782,-0.1381459414358848,1.6785622926136878,0.6277353523092838,-1.0304876916349532,0.8427626417658064,0.6870628182176053,-1.4873095230677231,0.5539255025804781,0.8264284374577073,Fitness,Evening,Premium,Black,No,0.0
-0.7575273526989368,Female,UK,Birmingham,-0.7515908366051584,1.9874150483251487,1.8901339503039436,2.105594667732455,2.1221400424107926,-2.451069654641026,2.113474766737565,0.11890224108439283,1.067103651125418,1.0438726781295307,Competition,Evening,Premium,Black,Yes,0.0
1.2521078550527232,Other,UK,Manchester,-0.28985238259059676,0.24041137922092864,-0.5116673980654384,-0.19777942357260225,-1.5100613981028341,1.5297663520761167,-0.11786956169597775,-1.4873095230677231,1.2955080648157982,-0.30973661379266176,Recreation,Evening,Basic,White,Yes,0.0
1.544572051050417,Female,USA,New York,0.039064276913565364,-1.972050454587247,-0.169555718854128,-1.342846634025232,-1.9129510702773607,1.9158915223424875,-1.1559320896190335,-1.4873095230677231,-0.07297523146279654,1.3529784981651538,Recreation,Morning,Premium,Black,Yes,0.0
-0.8277624448939587,Other,Germany,Berlin,-0.23967607830455162,1.1765417020086575,0.8767830811561126,1.1522022545571922,0.9716734442103927,-1.3177821119998259,1.1569515497902352,0.11890224108439283,1.7112650033540822,1.094140682353787,Competition,Morning,Free,Black,Yes,1.0
-0.7575273526989368,Other,Germany,Hamburg,-1.2936987049459507,-0.12613779238196438,-0.5539250316901894,-0.8867009372943024,0.9860413460372671,-0.06031237068727475,-0.8608347443912435,-0.6089708355271841,0.5539255025804781,1.5745800106856251,Recreation,Afternoon,Free,Black,Yes,0.0
-0.967821134277679,Male,Australia,Melbourne,1.0094799358496847,-0.5006655583858927,0.5786530489811432,0.23012439631016848,0.5632923576680474,-1.5720666687446117,0.17198635033552698,0.11890224108439283,0.8212898586265683,0.23650371748305418,Fitness,Afternoon,Free,Black,Yes,0.0
0.6707043991410716,Other,Germany,Munich,0.5814636907913174,1.1069119532002105,0.16535175999929932,1.0376696570651949,-0.26236383505925237,0.08603150771122155,1.1413755680945692,0.7635670295178747,-1.5703704124405715,0.08514424251973592,Competition,Evening,Premium,Black,Yes,1.0
1.1791684078030877,Male,India,Delhi,-1.4003310366547574,-1.1828649182600088,1.111535788610318,-0.7171020669414416,-1.4690972016168793,1.0114808208777808,-0.8114968147110637,0.7635670295178747,1.067103651125418,-0.9064891090867176,Competition,Evening,Free,White,Yes,0.0
-0.5460479512448121,Other,Germany,Berlin,-1.2936987049459507,-0.04033203261215654,0.38047788900884905,-0.33830533234367405,0.5432249567117627,-1.1562919469694755,-0.3256815108794321,0.7635670295178747,1.2955080648157982,-0.4874931915749382,Recreation,Evening,Premium,Black,Yes,0.0
1.544572051050417,Other,Australia,Sydney,-0.31501655249850574,1.0915395829546042,1.008755922659028,1.1250551535808098,-1.4850235654444577,1.6467343860684376,1.166097306857622,1.3526725834329467,-0.9284509915443238,0.011571054336955485,Competition,Afternoon,Free,Black,Yes,0.0
0.8155896249369979,Male,Germany,Munich,-1.4003310366547574,-1.4778560635217026,0.6321937148642235,-1.2049562483039624,-1.0361267252352897,0.7123873238012044,-1.0139590669550291,-0.6089708355271841,-0.9284509915443238,0.6489568589864616,Recreation,Morning,Basic,Black,No,0.0
-1.4531696077757001,Male,India,Mumbai,-0.5761122608176779,-1.0343978004337255,-0.05986144629713125,-1.0343586356266756,0.6404042117878498,-0.2633059891450032,-0.9112058091194886,-0.6089708355271841,-0.4580463641611468,1.4854191758663504,Missing,Morning,Premium,Black,Yes,0.0
-1.3153385094155594,Other,USA,New York,-0.621314663047952,-1.6736326426529862,-1.747036264411854,-2.4492831080796575,-0.24949148656263084,0.43939354974912515,-2.1226534260201197,1.3526725834329467,-1.5703704124405715,0.8523453191083021,Recreation,Evening,Premium,Black,Yes,1.0
0.16628489065817217,Female,Australia,Melbourne,-0.13990862397899692,-0.8216198753758854,0.4910259069116867,-0.4229603394346915,0.15179933238659266,-0.3429204632636688,-0.5307143755149796,-1.4873095230677231,0.8212898586265683,0.6622603206671145,Recreation,Evening,Free,Black,Yes,0.0
-0.897861840447026,Male,USA,New York,-0.37182687823213695,0.08873431326933479,-1.0864349189206377,-0.5878158994456091,0.34010876299497006,-0.24327552362814867,-0.6178530791640541,0.7635670295178747,-0.4580463641611468,-0.9913353754135711,Recreation,Evening,Premium,Black,Yes,1.0
-1.1768095690178901,Female,USA,Los Angeles,0.5814636907913174,0.7081587395869039,0.3546272275933336,0.8086819488374074,1.156754858958213,-1.4752084861808183,0.712751452385871,0.7635670295178747,-0.9284509915443238,0.6821668256595396,Competition,Evening,Premium,Missing,Yes,1.0
-0.967821134277679,Female,USA,Los Angeles,1.5083332075759246,1.1309653542776275,1.3884987352531535,1.8109442209558777,1.5782818999511292,-1.9612840457660001,1.9486726253796796,-1.4873095230677231,0.8212898586265683,-0.9722672844285623,Fitness,Afternoon,Basic,Black,Yes,1.0
1.3251190523378964,Female,UK,Birmingham,-0.8970101645567833,0.3443251856682746,0.6973817351741691,0.24215409304872976,-1.4865081083531928,1.0147034102782277,0.27578176952398686,0.11890224108439283,-1.5703704124405715,-1.9464503294493802,Fitness,Morning,Basic,Black,No,0.0
0.743106604288856,Male,UK,Manchester,-0.9036775024202185,0.20239480669790352,0.12026182435010278,-0.15189102428131057,-0.30152411691496467,0.6804717929842342,-0.10577532543264062,0.11890224108439283,0.5539255025804781,0.07051038251970641,Competition,Evening,Free,Black,Yes,0.0
-1.4531696077757001,Female,USA,New York,-0.29613861336596303,2.134542371501815,-0.012998361056728509,1.5958636205703176,0.8599057157423671,-0.7116335256405893,1.6658277082230613,-0.6089708355271841,-1.5703704124405715,1.3651036479375904,Competition,Afternoon,Missing,Black,Yes,1.0
-1.1073002361975683,Male,Australia,Brisbane,1.0210771508992473,1.0049324380518458,-1.763343875371804,0.48074932856752306,1.125195713841341,-0.4274464494856219,0.45779438583809373,1.3526725834329467,-0.4580463641611468,-0.8972086224157568,Fitness,Evening,Free,Black,Yes,0.0
0.5261484614349969,Female,India,Delhi,-0.6732194241004363,0.18049400271282726,0.038000063777743655,-0.13236411224080935,-0.5214868485916124,0.2361862515145373,-0.24020827059525426,-0.6089708355271841,0.5539255025804781,0.8458748147406647,Fitness,Evening,Free,Black,Yes,0.0
-0.897861840447026,Other,India,Bangalore,-0.1647793025346493,0.4786428862927358,0.07473933196677668,0.2820450357163235,0.9460967500349863,-1.117826482975035,0.21550812242231793,0.11890224108439283,1.067103651125418,0.7415426486260581,Fitness,Morning,Free,Black,Yes,0.0
1.544572051050417,Other,Germany,Berlin,1.3204178025985238,1.4186403848565912,0.8452963907130292,1.7497849845256792,-1.680308347283386,1.6247635111736984,1.7294863208238314,-1.4873095230677231,-0.4580463641611468,-1.4296382459604338,Fitness,Evening,Premium,Black,Yes,1.0
-1.1768095690178901,Male,Australia,Melbourne,-0.18346308156555305,0.27804389431305865,-0.4439754965966081,-0.1021519437369142,0.41595216158758364,-0.9051335419638393,-0.06656440696963975,-0.6089708355271841,-1.5703704124405715,-1.4529631451948273,Fitness,Morning,Basic,Black,Yes,1.0
1.617859327933322,Other,UK,London,-1.4003310366547574,0.0032211963222582257,-0.09770744498870003,-0.5878158994456091,-1.876836217646835,1.9837075272047688,-0.6763219426100562,0.7635670295178747,-0.9284509915443238,-0.6218140718926481,Recreation,Morning,Free,Black,No,0.0
1.544572051050417,Other,UK,London,-1.4003310366547574,0.0032211963222582257,-0.09770744498870003,-0.5878158994456091,-1.876836217646835,1.9837075272047688,-0.6763219426100562,0.7635670295178747,-0.9284509915443238,-0.6218140718926481,Recreation,Morning,Free,Black,No,0.0
-1.5218043565792725,Other,USA,Chicago,-0.29613861336596303,1.2896385759702527,0.8571238702411217,1.2195270869199766,1.5648731323154428,-0.8833721797862475,1.2699914183040315,0.7635670295178747,-1.5703704124405715,-0.4628071862439859,Competition,Morning,Basic,Black,Yes,1.0
-1.2461577669060369,Female,Germany,Munich,0.3846650627783455,-1.7535560047212275,-0.08347748442404261,-1.0316707760288737,0.3658822109818333,-0.28188984657404903,-0.9346920098634605,-1.4873095230677231,-0.07297523146279654,-0.7789794808855943,Recreation,Afternoon,Free,White,Yes,0.0
1.2521078550527232,Male,India,Bangalore,-0.7057973696131384,-0.10224955460452481,-0.19377145791592926,-0.4811081472939048,-1.1407529356740878,1.2764171608183392,-0.49483789186080834,0.11890224108439283,1.5094853232949899,-1.5249113799247944,Fitness,Afternoon,Basic,Black,Yes,0.0
0.598384501533626,Female,UK,Birmingham,0.5280113032986817,-0.6317542428520653,-1.0493278795726997,-0.7770252385305362,-0.5034771991422338,1.0028715552181453,-0.8609098394165854,0.7635670295178747,-1.5703704124405715,0.9614785685475064,Fitness,Morning,Basic,Black,No,0.0
-0.26240001513565236,Female,UK,Manchester,-0.3465447763168492,-0.5448515223769319,-1.2927540732594685,-1.1937047828815175,0.16418903624534864,-0.23866809100656305,-1.0997616963630243,0.7635670295178747,0.8212898586265683,0.17932337360886208,Fitness,Evening,Free,Black,Yes,0.0
0.743106604288856,Female,USA,Chicago,-0.9036775024202185,-2.040656288368096,-0.5752325232721093,-2.126459194513332,-0.6057435050447212,0.9364658266338493,-1.9883137898711236,1.3526725834329467,-1.5703704124405715,1.2307488875817032,Recreation,Morning,Premium,Black,Yes,1.0
-0.5460479512448121,Female,India,Mumbai,-0.4543713309648171,-1.6680602575578805,-0.9346847003040698,-1.8904084433587132,-0.1262746397508774,0.2415792010521695,-1.6578696864181401,-0.6089708355271841,1.2955080648157982,-0.27818229463050026,Recreation,Evening,Basic,Black,Yes,0.0
0.09458826567883617,Female,Australia,Brisbane,-0.214662263969566,1.0183647800320486,-0.09770744498870003,0.6314512711977406,0.30533666724622605,0.01358727837855298,0.5216156084457216,0.11890224108439283,-1.5703704124405715,0.8717222854456417,Fitness,Morning,Premium,Black,Yes,1.0
-0.8277624448939587,Female,UK,London,-1.4003310366547574,0.14739515463655284,0.4317921223672914,-0.19997612340271442,0.918589507988924,-0.8294728407766269,-0.13380241343229934,-0.6089708355271841,1.067103651125418,-0.7170250947903994,Recreation,Evening,Premium,White,Yes,0.0
-1.1768095690178901,Female,USA,New York,1.411717724709981,0.3469525969502698,-0.3019917093888111,0.5453233120687129,0.7778838858630299,-0.13123583892532895,0.5823948553117336,0.11890224108439283,-1.5703704124405715,1.1191537586858091,Recreation,Afternoon,Free,Black,Yes,0.0
1.1063018754321465,Male,Australia,Brisbane,-0.8240062232021981,-0.8867144882538729,-1.1114305960916104,-1.608004572040436,-1.7642418419866666,1.5361333976758635,-1.5934773903001513,0.7635670295178747,-0.4580463641611468,0.7349704040717463,Fitness,Evening,Free,Black,Yes,0.0
-0.47530895989914296,Other,India,Mumbai,0.37266476449827374,0.4403688281163974,-0.727952019910177,0.10768230363233719,1.15043116950513,-0.7516975887969608,-2.848311716390954,1.3526725834329467,1.2955080648157982,-1.6800381620376361,Recreation,Morning,Free,Black,Yes,1.0
1.544572051050417,Female,UK,Manchester,0.2944492633099916,-1.6025170459979634,1.8089736077628842,0.11339347782814595,-0.9893681277015459,0.9397634660527142,0.06007612526606002,-0.6089708355271841,0.5539255025804781,1.1440877110962056,Competition,Afternoon,Basic,Black,Yes,0.0
-0.897861840447026,Female,Australia,Sydney,2.4659126354389254,-0.6565673391091379,1.747498042383073,1.1926891722892194,2.061362944009416,-2.0885068591727265,1.252014169090775,0.7635670295178747,1.2955080648157982,1.3651036479375904,Competition,Evening,Free,Black,Yes,1.0
-1.2461577669060369,Female,Australia,Sydney,-0.1772322014755366,0.8544391921737232,0.0009666706467600119,0.5453233120687129,0.9963238934142046,-0.8241221031503889,0.45009677790068425,0.11890224108439283,-0.9284509915443238,1.401375518103847,Competition,Evening,Free,White,Yes,1.0
-0.04851283305920734,Female,Australia,Sydney,-1.1681872671188596,1.4920151080688249,-0.4907127353176602,0.6277353523092838,0.5940107515684695,-0.10448115183577891,0.5280388843412994,-0.6089708355271841,0.8212898586265683,1.0690473691621716,Competition,Evening,Basic,Black,Yes,0.0
0.2380761059425596,Female,UK,Manchester,1.0036788927820286,-0.42405743750309954,-0.8182705773873407,-0.3451087368226673,0.30624868120756327,0.23753525074192294,-0.42331348488783477,-0.6089708355271841,-0.07297523146279654,-1.4529631451948273,Fitness,Evening,Basic,White,No,0.0
1.617859327933322,Female,UK,Manchester,0.14903826420514665,1.5842313139793105,-0.5169240034027327,1.0669447484024928,-1.5895432106453713,1.6123884777988233,1.0354617276522473,0.7635670295178747,0.5539255025804781,0.5954784272921324,Fitness,Evening,Free,White,Yes,0.0
-1.2461577669060369,Other,Germany,Munich,-0.6732194241004363,0.9576001218888309,-0.5486169814602305,0.268119340402288,1.361158606003797,-0.07938782197440596,0.31313908166432275,-0.6089708355271841,-0.07297523146279654,-0.4874931915749382,Fitness,Afternoon,Free,Black,No,1.0
1.0335094624552033,Other,India,Bangalore,2.008072047704703,-1.7188537005502245,0.16086183014647898,-0.20657259156306748,-1.1112607815225621,0.8280204823483653,-0.16175011178465412,1.3526725834329467,1.2955080648157982,-1.2105394878518154,Competition,Afternoon,Free,Black,Yes,0.0
-0.11991287048315613,Other,Australia,Sydney,0.02679403362670602,-2.040656288368096,-1.1877227863721647,-1.9752653939834344,-0.19676559418046355,0.4597166945885348,-1.9580351153528792,0.7635670295178747,1.2955080648157982,-0.38156415734119425,Recreation,Afternoon,Premium,Black,No,0.0
-0.26240001513565236,Male,Germany,Munich,0.4684288803237308,-0.6494556351902149,-0.6020390987437855,-0.6191542849841118,0.6326456443940688,0.10566947520323149,-0.7469599024428131,0.11890224108439283,0.8212898586265683,0.6622603206671145,Recreation,Morning,Premium,Black,Yes,0.0
0.09458826567883617,Female,USA,Los Angeles,-1.0926322281420477,0.15293254857418215,1.384883023908167,0.39791920524988095,-0.06823617547942933,-0.5753383500885458,0.42026595709053577,0.7635670295178747,1.5094853232949899,0.12881107586463017,Competition,Afternoon,Free,Black,Yes,1.0
-0.616666342330344,Male,Germany,Berlin,0.8464220879970429,0.7081587395869039,1.077467270012549,1.1977305557508477,1.6096613553380403,-1.8172266718982137,1.1565983822327228,1.3526725834329467,-0.9284509915443238,1.1999053894451959,Competition,Evening,Premium,White,Yes,1.0
0.38193446442781964,Male,UK,Birmingham,2.113535206790313,-0.06967639640269586,0.9120040988409035,1.00303672317771,0.48534531350709403,-0.38256024957718654,0.960027447022194,-1.4873095230677231,0.8212898586265683,0.018974458091852074,Competition,Evening,Basic,Black,Yes,0.0
-1.1073002361975683,Female,Australia,Melbourne,-1.4003310366547574,1.647407868298004,-0.5966622725697017,0.6740007501629991,1.205433504421945,-0.8491529174191509,0.6597223735515355,-1.4873095230677231,-0.9284509915443238,-0.9064891090867176,Competition,Afternoon,Premium,Black,Yes,1.0
0.9607924151432629,Other,USA,Chicago,-0.8107971767617796,-1.0591991992287453,0.18773888342342246,-1.0022307687057772,-1.1082293200109312,0.7591208601730697,-1.076970661738644,-0.6089708355271841,0.25897267409462416,0.6088881866283056,Recreation,Evening,Premium,Black,Yes,0.0
0.6707043991410716,Male,USA,Chicago,1.2975356712031731,-1.70743901896968,1.2348833625726732,0.09376078811484603,-0.00035512673561631703,0.13215252777177605,0.10430074067926866,-0.6089708355271841,1.2955080648157982,-0.9627802581682038,Competition,Afternoon,Free,Black,Yes,0.0
-0.11991287048315613,Female,USA,Chicago,-0.8970101645567833,-0.4109297369977109,-0.0036835929259031873,-0.6899316989270425,0.6171600990643024,-0.8259048963295366,-0.7265496271134898,-1.4873095230677231,-0.4580463641611468,0.25780056072884683,Missing,Evening,Premium,Black,Yes,1.0
1.691213061789767,Male,USA,New York,1.5253422240534742,0.38354906015177764,-0.2279050902043742,0.6370203274769315,-1.9575615092349028,1.8603066801441488,0.6466775909614081,1.3526725834329467,0.25897267409462416,0.7152163284139773,Competition,Morning,Premium,Black,Yes,0.0
-1.3153385094155594,Male,USA,Chicago,-1.4003310366547574,-0.0025543984654714234,0.8767830811561126,-0.07855087517604033,0.3529793752528533,-0.4306726394504964,-0.01626341261906467,-0.6089708355271841,0.25897267409462416,-0.10835388714255048,Competition,Morning,Premium,Black,Yes,1.0
1.1063018754321465,Male,Germany,Hamburg,-0.9572080951803438,0.20512326625460053,0.23220575713701574,-0.11507590471542452,-1.3764016932707255,0.9714702782858399,-0.21755413712853766,0.7635670295178747,0.5539255025804781,-0.26248704576728354,Competition,Afternoon,Premium,White,Yes,0.0
-0.40445261772957364,Male,Australia,Sydney,-0.4862782508626594,-1.96536354816118,-0.8354743414516869,-2.0223131805051087,0.3834447455492371,-0.1327278399580136,-1.6858043849166842,0.7635670295178747,-0.07297523146279654,-0.07810586834526462,Recreation,Afternoon,Basic,White,Yes,0.0
1.0335094624552033,Other,UK,Birmingham,-0.2710127466952233,0.15846152383712153,0.962510772618322,0.4288948689653113,-1.185719887129696,0.6494513597321296,0.4110610020006745,1.3526725834329467,-1.5703704124405715,0.12881107586463017,Recreation,Afternoon,Free,White,Yes,0.0
0.9607924151432629,Male,UK,Birmingham,-0.5761122608176779,0.9462561627479759,-1.6286400627255628,-0.06572768669016699,-0.6850251761232521,1.4090232703951768,0.0170524316122967,-0.6089708355271841,-0.9284509915443238,1.3347580306543967,Fitness,Evening,Free,Black,Yes,1.0
0.45399789021912035,Male,UK,London,-0.13369820402559318,-0.4207702247618748,-0.6671835853732125,-0.731999411534006,0.05384095327439033,0.5645034132904889,-0.7971154545423712,0.7635670295178747,-0.4580463641611468,-0.504034369631173,Competition,Afternoon,Basic,White,No,0.0
-0.967821134277679,Other,Germany,Munich,1.1366983715555465,0.47356104461719417,0.8056959211433253,1.0012995758334888,1.1105188475955345,-1.3077569421669533,0.9734362370462895,-0.6089708355271841,-0.4580463641611468,0.1505152387260963,Fitness,Evening,Basic,Black,Yes,1.0
-0.616666342330344,Male,India,Delhi,0.6583938035975602,0.07462488943478376,-0.3622310014677864,0.06685450380879095,0.8307714948054842,-0.6754007607849735,0.10941198757338301,0.7635670295178747,0.8212898586265683,-1.1387313336704237,Recreation,Afternoon,Premium,Black,Yes,1.0
1.3251190523378964,Male,Australia,Melbourne,-0.8571144339830603,-0.7543956978692666,0.5329322572977905,-0.6167352301853468,-1.4392955237372702,1.6106164080363006,-0.5825665037108788,-1.4873095230677231,-0.07297523146279654,0.5415653102129998,Recreation,Missing,Basic,Black,Yes,0.0
1.4713522244494153,Other,USA,Chicago,0.6229279552062471,1.7020583923223722,0.11119238803902796,1.5103007611064552,-1.0776900090857966,1.2793824244037297,1.5389836690489764,0.7635670295178747,-0.9284509915443238,-0.5289749524023787,Missing,Evening,Free,Black,Yes,1.0
-0.40445261772957364,Other,India,Bangalore,1.8518971521818441,0.7081587395869039,-0.34205233522350276,0.9348928053999257,0.4712063634926676,-1.14278876678552,1.015849699980883,1.3526725834329467,1.067103651125418,0.787376706609027,Competition,Afternoon,Free,Black,Missing,1.0
-0.04851283305920734,Other,UK,Birmingham,-0.6342659758302587,-0.6211861368803719,-0.6946770239446143,-1.099457075975528,0.04260425537226988,0.2697594881320839,-1.0846677322067813,0.11890224108439283,-0.07297523146279654,1.503323424248178,Recreation,Evening,Free,Black,Yes,0.0
0.6707043991410716,Male,India,Mumbai,-1.2306345293495384,-0.03449313985389183,-0.7391138807990227,-0.8712120680244165,-0.7581597508974309,0.9920777551891606,-0.9240850249850985,0.7635670295178747,-0.4580463641611468,1.3043023424645261,Competition,Morning,Premium,White,No,0.0
-0.5460479512448121,Other,Australia,Brisbane,-0.9237111401898728,1.362882889697251,3.1314884632914866,2.183764524310488,1.2224469213235925,-2.691937713969764,2.312335839314835,-0.6089708355271841,1.2955080648157982,0.8588100506975358,Competition,Morning,Premium,Black,Yes,1.0
1.0335094624552033,Other,USA,Los Angeles,-0.2522014155165716,0.7487700327555349,-1.2266451365668773,-0.02112040333461925,-1.1704426292261703,1.2275828079093267,-0.011498498784290101,-0.6089708355271841,1.5094853232949899,-0.8420998731860979,Fitness,Evening,Basic,Black,Yes,1.0
0.8155896249369979,Male,USA,New York,1.2574358789202555,-1.3844790996377467,-0.49594070473422863,-0.682552982294684,-0.7567700192245922,0.9540149442260817,-0.6872236954264839,0.7635670295178747,-0.07297523146279654,-1.7507378315416315,Fitness,Afternoon,Basic,Black,Yes,0.0
0.743106604288856,Other,Australia,Sydney,0.0880422478737468,-0.25445254740707396,0.5329322572977905,0.04396960151660757,-0.6607315801494361,0.4482995016026464,0.01679038485877295,0.11890224108439283,-0.07297523146279654,-1.9464503294493802,Fitness,Evening,Free,Black,Yes,0.0
0.30995992984872417,Male,Australia,Sydney,0.9164656066823815,0.06329692969015889,-0.17922568649445078,0.22409862030575362,-0.3638306511185144,-0.38894069103561546,0.30776469233774617,0.7635670295178747,1.2955080648157982,-0.4057732347518708,Fitness,Morning,Premium,White,Yes,1.0
-1.5218043565792725,Female,UK,Manchester,-0.569670648412991,-0.4571264180382171,-0.3622310014677864,-0.7845790396318341,1.189521730476023,-0.02970392458368791,-0.7022777797264596,0.11890224108439283,-0.9284509915443238,-0.45461146490026344,Recreation,Evening,Basic,Black,Yes,1.0
0.45399789021912035,Other,USA,Los Angeles,-0.3655013339779546,-0.1411547266844789,-0.43881682752070916,-0.4998830942194227,-0.21468890167206697,-0.06177623958119614,-0.6044971735589981,0.11890224108439283,-0.9284509915443238,1.5211913128514043,Recreation,Evening,Premium,Black,No,0.0
-0.7575273526989368,Female,India,Delhi,-0.621314663047952,0.854132240718275,-0.6453390789057102,0.24215409304872976,0.9460967500349863,-0.7342291684627305,0.1480531696865567,1.3526725834329467,0.25897267409462416,-1.2954306745990811,Fitness,Morning,Premium,Black,Yes,0.0
1.2521078550527232,Male,Germany,Berlin,-0.3655013339779546,0.3913462276391629,-0.5011757826270989,-0.09570341994191411,-1.609148334096175,1.6519832603761344,0.0019043510421725646,-0.6089708355271841,-0.07297523146279654,-0.8330075577401531,Recreation,Evening,Free,White,Yes,0.0
-0.5460479512448121,Other,Germany,Berlin,0.3004791724274903,1.5600185016216959,0.7618174871560165,1.5310064451639969,1.543691137660233,-1.5955505441562092,1.6103266355479977,-0.6089708355271841,1.2955080648157982,-1.6395648921011596,Fitness,Evening,Free,Black,Yes,1.0
0.30995992984872417,Female,UK,Birmingham,4.354038551109353,1.3980634696834384,-0.2672546634327264,2.188081261378348,0.25994554847577395,-0.5636330365691471,2.257791131271756,-0.6089708355271841,0.25897267409462416,-0.41387360760936237,Competition,Afternoon,Premium,Black,Yes,1.0
1.1063018754321465,Male,Germany,Munich,-0.4480007489327326,1.0495525210411587,0.9856778783517193,1.044571285182467,-1.1645373606727996,0.5743191273163627,1.0935385422138857,-1.4873095230677231,1.2955080648157982,1.4614897196502172,Competition,Morning,Premium,Black,Yes,1.0
1.544572051050417,Other,USA,New York,-0.5311023462194799,0.48878708792625347,0.6973817351741691,0.4616042885766449,-1.601888552421466,1.6335713884188903,0.48647235032181596,0.11890224108439283,-0.07297523146279654,-1.2846383545921807,Fitness,Morning,Premium,Black,Yes,1.0
-0.26240001513565236,Other,Australia,Brisbane,1.2000248081088702,0.9166253268119535,0.056405960288556184,1.034215739900093,1.8306271988500917,-0.5072700064951063,0.9843973249936577,-0.6089708355271841,1.2955080648157982,-1.2525802520289981,Competition,Morning,Free,White,Yes,1.0
0.2380761059425596,Male,Australia,Melbourne,0.78199570553061,0.7701134518949939,-0.41312423326967457,0.6184342648764775,0.7313703400824928,0.2509973470456581,0.6255047696202618,1.3526725834329467,1.2955080648157982,0.011571054336955485,Competition,Morning,Free,Black,Yes,0.0
0.45399789021912035,Other,India,Bangalore,0.5517877485434545,0.39394180216981606,2.403264055661032,1.540539780490883,0.3391906665577866,-1.7413597848268865,1.5700235971344696,-0.6089708355271841,-0.4580463641611468,-0.17709905123090228,Competition,Morning,Basic,Black,Yes,0.0
1.544572051050417,Female,Australia,Melbourne,0.16120795733254642,0.419802705034446,1.8225636219329548,1.1572783748548405,-1.6199599091351033,1.4476234150233382,1.230893767616211,-1.4873095230677231,0.25897267409462416,-0.7346127853442908,Competition,Morning,Premium,Black,Yes,0.0
0.2380761059425596,Other,Australia,Sydney,-1.3574350077997182,-0.046180850256213955,-0.6781556556958119,-0.8996556820966299,0.23830376760231148,-0.06031237068727475,-0.7760657896647917,0.7635670295178747,-1.5703704124405715,0.11429413228066668,Recreation,Afternoon,Basic,Black,Yes,0.0
0.16628489065817217,Other,Australia,Missing,-1.1612846443799112,0.5962465253240852,-1.2397403894493995,-0.4717515011000083,0.6501172290052061,0.50376400486679,-0.38372412862915545,0.7635670295178747,-1.5703704124405715,0.6954056923073313,Fitness,Evening,Free,White,No,0.0
-1.1768095690178901,Male,India,Mumbai,-0.7450354691718479,-1.1828649182600088,-0.41312423326967457,-1.4109182626575436,0.7422239026068508,-0.38256024957718654,-1.229981996131858,-1.4873095230677231,0.8212898586265683,1.0186154392052211,Recreation,Morning,Free,Black,Yes,0.0
1.691213061789767,Male,Australia,Brisbane,1.4458625818686486,-1.080063794580267,-0.5169240034027327,-0.4530991989608501,-2.0124224791898055,1.9353796167856394,-0.48863390698385606,0.11890224108439283,-0.07297523146279654,0.13605524262805274,Fitness,Morning,Free,White,Yes,0.0
1.0335094624552033,Other,Germany,Hamburg,0.008369057230287405,0.5665442879660679,-0.9824453277847044,-0.006344552410137987,-0.9944662775179305,0.975819549772382,0.051975323906427576,-0.6089708355271841,1.067103651125418,-0.6647816487782657,Competition,Evening,Premium,Black,Yes,0.0
-1.3153385094155594,Female,UK,Birmingham,-1.216705822238629,0.6011759302992897,0.19220389604722693,0.10612874595241406,0.5279841979652972,-0.20352957007573294,0.07960379138397276,0.7635670295178747,-1.5703704124405715,-1.5874731833953044,Fitness,Afternoon,Free,Black,Yes,0.0
-0.04851283305920734,Other,UK,Manchester,-0.010079679374717754,0.014743765918141298,-1.155689875958034,-0.5376834185780683,0.42434376873058544,-0.22640893312922827,-0.6046048727228894,0.11890224108439283,0.25897267409462416,-0.07057231802542313,Recreation,Afternoon,Free,Black,Yes,0.0
0.30995992984872417,Male,UK,Birmingham,-1.0926322281420477,0.23229770363413307,0.813637807674923,0.15528841671841387,0.3612703561672788,-0.5786891303634314,0.1330228212345432,0.11890224108439283,1.2955080648157982,1.3043023424645261,Recreation,Morning,Premium,Black,Yes,0.0
0.743106604288856,Male,India,Bangalore,0.4265986291804338,0.18323875545656484,0.841348534549563,0.5997834186016697,-0.13174984394821515,0.4698339877081691,0.4957945646008185,0.7635670295178747,-0.4580463641611468,0.011571054336955485,Fitness,Missing,Basic,Black,No,0.0
-0.616666342330344,Female,India,Delhi,-1.0858031654911116,0.19419728560425123,1.6507975981971383,0.5735621069400139,1.6943503563488367,-2.1801940109144025,0.5940996071304971,1.3526725834329467,-0.4580463641611468,0.4529879061549731,Competition,Afternoon,Free,Black,No,0.0
0.598384501533626,Other,Germany,Hamburg,0.13685882308428088,1.9467693145364398,1.13038188821314,1.967334048446352,0.22572311310558948,-0.6360921157039549,2.0128663227320827,0.11890224108439283,0.8212898586265683,0.23650371748305418,Competition,Morning,Basic,Black,Yes,0.0
0.16628489065817217,Other,UK,Missing,0.5161110603110536,-1.6514461094264117,-0.3571769172350705,-1.0749109123240155,-0.4732512943668336,0.05779260050492985,-1.0979249920656702,-1.4873095230677231,1.2955080648157982,0.5076418371703542,Recreation,Morning,Free,Black,Yes,1.0
0.5261484614349969,Female,UK,Manchester,-0.9103500876718827,-0.6247044830223929,-1.763343875371804,-1.7145634595556793,-0.5446095816332545,1.0157768948615822,-1.43414093380753,-0.6089708355271841,0.5539255025804781,0.5483287564400293,Competition,Afternoon,Free,White,Yes,0.0
-0.3334819986721835,Other,Australia,Sydney,0.6406694492269971,0.437803955649731,-0.5805784043838023,0.25015778560733765,1.505935056196418,-0.8169987781203949,0.2899751989717416,0.11890224108439283,-0.9284509915443238,-0.8239407898682732,Fitness,Afternoon,Free,White,Yes,1.0
-1.0376356159090647,Other,India,Mumbai,-0.6083796426418555,-0.9376213569661148,0.5496030278879014,-0.6336983725549845,0.38900314042839107,-0.7481978127670249,-0.5488837358799146,0.11890224108439283,1.2955080648157982,1.2614760754374241,Fitness,Morning,Free,White,Yes,0.0
0.38193446442781964,Male,UK,Birmingham,0.48632502634226477,-0.2141971604527735,-0.45431322918863454,-0.24635415347444642,0.08858952527711333,0.3958104638487404,-0.22851413755212796,1.3526725834329467,-0.9284509915443238,-1.9279823806355967,Recreation,Evening,Basic,White,Yes,0.0
1.1063018754321465,Other,Germany,Munich,1.957972737412123,0.8683349566688934,0.5162093315299185,1.3992269490060727,-0.6311845070755455,1.0339718703818543,1.491941003682702,-1.4873095230677231,-1.5703704124405715,1.0816041260077132,Fitness,Evening,Basic,Missing,Yes,0.0
-1.3843449426205798,Other,Germany,Berlin,-1.051752422787427,-0.41420638589265163,-0.16472883599975296,-0.835308530143529,0.34010876299497006,0.09446074690591404,-0.7390202719906698,-0.6089708355271841,-0.4580463641611468,0.5212326050516983,Recreation,Evening,Free,White,Yes,0.0
-1.4531696077757001,Female,UK,London,0.09415305459436919,-1.022091396719728,0.11572927579536335,-0.6531705429637416,0.26175330352393594,-0.08822499724122371,-0.6182938397296321,0.11890224108439283,-0.9284509915443238,0.22938732251176266,Fitness,Morning,Free,Black,No,1.0
0.38193446442781964,Female,India,Mumbai,-1.4003310366547574,0.29938018761899704,0.4910259069116867,-0.04868451695759085,-0.34972427834383835,0.047857231251175844,0.043872611901048804,-0.6089708355271841,1.2955080648157982,-0.9345019677926049,Recreation,Afternoon,Basic,Black,Yes,1.0
-0.897861840447026,Male,UnknownLand,Berlin,1.388926653896831,1.7695751791169718,-0.41312423326967457,1.6021554635712936,0.6190934888745656,-0.9582070490174942,1.5766008915294463,0.7635670295178747,-0.9284509915443238,-0.0856507251887523,Competition,Morning,Premium,Black,Yes,1.0
0.6707043991410716,Other,Australia,Brisbane,-0.3402325662797584,-0.6106570400681743,-0.7168255114102448,-0.980963425295497,-0.9868151281996469,0.44448544779464494,-0.8172021154822285,0.11890224108439283,1.067103651125418,0.6622603206671145,Fitness,Afternoon,Premium,Black,Yes,0.0
-0.897861840447026,Other,USA,Chicago,-0.0841175007482811,0.31265450842395026,-0.711275394129414,-0.14971727540657284,1.165195669941773,-0.007994800012642052,-0.1600135514414264,0.7635670295178747,1.2955080648157982,0.26488221654567506,Recreation,Evening,Free,White,Yes,0.0
0.6707043991410716,Male,India,Bangalore,-1.4003310366547574,-1.143781357043067,-1.3468329724110335,-2.254666152614099,-1.0355008198736328,0.6011684024521817,-2.008142593875786,0.11890224108439283,-0.9284509915443238,-1.2738999443583778,Fitness,Afternoon,Premium,White,No,0.0
-0.19120943052252162,Female,UK,London,-1.0585501234117072,-1.1053445458171205,-0.25738270600964697,-1.4019616089213844,-0.09090884358763474,-0.25404802151183536,-1.281146704404505,-0.6089708355271841,-0.9284509915443238,-0.3018272946871056,Recreation,Morning,Premium,Black,No,0.0
1.1063018754321465,Male,India,Delhi,-0.8571144339830603,1.3399827096832704,-1.1366394676311737,0.3589349048349107,-0.9397632523821757,1.339071955497317,0.45045775598881177,-1.4873095230677231,1.5094853232949899,1.473462649292029,Fitness,Evening,Basic,Black,Yes,0.0
0.5261484614349969,Other,India,Delhi,1.1309322224265952,1.1657305994565317,1.3158026312009559,1.7050796202753702,0.11381961029920308,-0.32403782706389234,1.85077713456314,-0.6089708355271841,-0.4580463641611468,0.07051038251970641,Competition,Morning,Premium,Black,Yes,1.0
1.0335094624552033,Other,India,Bangalore,0.31855544370915295,0.5140351043424171,-0.6836542986489994,0.16546805960388306,-0.7595488276512873,1.2436124593688334,0.2530291409806897,1.3526725834329467,0.8212898586265683,1.3104023701282148,Recreation,Morning,Basic,Black,Yes,0.0
1.617859327933322,Male,India,Delhi,-0.6992731336958113,-0.1381459414358848,-0.9704375855922348,-0.8609202558255661,-1.8994632843564436,2.0854653797428413,-0.877098466040554,-1.4873095230677231,-0.9284509915443238,0.5685771763970677,Fitness,Morning,Premium,White,Yes,0.0
-1.5218043565792725,Other,Australia,Brisbane,1.5140042225983874,2.393716725407417,-0.3320004051968005,2.178004656617212,0.7639907688717907,-0.9306693143663456,2.3797861408771293,-0.6089708355271841,-1.5703704124405715,0.7808472008686965,Competition,Evening,Premium,White,No,1.0
0.2380761059425596,Other,Australia,Melbourne,1.6947813579992554,-0.7175624025583434,-1.763343875371804,-0.5806173150478854,-0.140864058601552,0.7112106302671092,-0.589285992873642,-0.6089708355271841,0.8212898586265683,0.5415653102129998,Competition,Morning,Premium,White,Yes,0.0
0.8881520237558846,Male,Germany,Hamburg,0.9397590641933683,0.939435855110234,1.2717912855295206,1.473497795588535,0.2113846648753241,0.33071943195370557,1.5736110494854305,0.7635670295178747,-0.07297523146279654,1.2245895545252452,Fitness,Morning,Free,Black,Yes,0.0
-0.897861840447026,Male,USA,New York,-1.2236664062274172,-1.4380145931463562,-1.0248391358262914,-2.215144524797704,0.6219948075193912,-0.3905374532081929,-2.1009970736794394,1.3526725834329467,0.8212898586265683,-1.3391639465922034,Missing,Morning,Free,White,Yes,0.0
1.691213061789767,Other,India,Bangalore,0.6465794649009492,1.4452623825906898,-1.763343875371804,0.7453943400736723,-1.7049125187889782,2.052970443349596,0.729666074972307,0.7635670295178747,-0.4580463641611468,0.25780056072884683,Fitness,Morning,Free,Black,Yes,0.0
-0.40445261772957364,Other,Germany,Hamburg,0.13685882308428088,-0.8291948062988285,0.1021055373251351,-0.5282016876540023,0.5346468485529484,-0.2004894346367683,-0.40483845693583553,-1.4873095230677231,-1.5703704124405715,-1.9853420125315175,Competition,Morning,Premium,White,Yes,0.0
-1.5902402497269745,Other,USA,New York,-0.6277882721111184,-0.48049192097734883,-0.5966622725697017,-0.9414054042126332,0.1597604450091288,0.3516795533634651,-0.7811241747479324,0.7635670295178747,-1.5703704124405715,-0.16173805365795776,Fitness,Morning,Basic,Black,Yes,0.0
0.8155896249369979,Female,UK,Birmingham,-0.28985238259059676,-0.1896694807158298,-1.2727529989374502,-0.8634906663822974,-1.0801481891535478,0.9485409562998288,-0.786353819257898,1.3526725834329467,-0.07297523146279654,-1.6664009036202592,Recreation,Evening,Basic,Black,Yes,0.0
0.8155896249369979,Female,Australia,Brisbane,0.06357371803876354,1.5101909208067923,-1.763343875371804,0.6258764264647416,-1.1173114494554373,0.6133033456483806,0.6731449969274158,0.11890224108439283,-1.5703704124405715,1.5804924345478677,Competition,Morning,Basic,Black,Yes,0.0
0.5261484614349969,Female,USA,Los Angeles,1.5083332075759246,-1.35111731602254,0.915904556145996,0.13691155797999077,-0.19513226385236856,-0.48429571376119773,0.034196842405812944,0.11890224108439283,-1.5703704124405715,-0.7611633727687469,Fitness,Afternoon,Basic,Black,Yes,1.0
0.30995992984872417,Male,UK,Birmingham,-1.3148664651219721,-0.08148506601173794,-0.012998361056728509,-0.5854149928073151,-0.358351154195237,-0.12974443256461707,-0.52172927370174,-1.4873095230677231,1.5094853232949899,-2.0507611086634037,Recreation,Morning,Free,Black,Yes,0.0
1.1063018754321465,Female,USA,Los Angeles,1.0616166538461098,0.10278821836836409,0.5910554088197798,0.6333082655692015,-1.202629658151767,0.9605716426461633,0.639464580990173,0.11890224108439283,-1.5703704124405715,-0.27032793034843017,Competition,Morning,Free,Black,Yes,0.0
-1.5902402497269745,Male,Australia,Sydney,-1.350318074338029,-0.7617826960235827,-0.29203716021145576,-1.2904990389515778,-0.14913247252855683,0.05920974002894856,-1.3440873795131718,0.7635670295178747,-1.5703704124405715,0.041122474790000564,Recreation,Evening,Premium,Black,Yes,1.0
0.09458826567883617,Male,Australia,Melbourne,2.008072047704703,1.5283010526132528,-0.7954674188461637,1.4686812499703785,0.8307714948054842,-0.1491792058320408,1.4145409485875582,-1.4873095230677231,0.8212898586265683,0.22226212516593977,Competition,Evening,Premium,Black,Yes,1.0
1.3982008725410255,Female,Germany,Munich,-0.8107971767617796,-0.10820574906373621,-0.8759638856869879,-0.8378621932144467,-1.721694555905146,1.8505049433438148,-0.9235103612415848,1.3526725834329467,0.8212898586265683,1.4194538508498022,Fitness,Afternoon,Basic,Black,Yes,0.0
1.0335094624552033,Female,India,Mumbai,-1.0043376089086145,0.9937081137127926,0.038000063777743655,0.4346821527476265,-1.1592086530645234,0.5914293560094085,0.46269494942876027,-1.4873095230677231,-0.07297523146279654,0.9932744521941802,Recreation,Afternoon,Free,Black,Yes,0.0
-0.26240001513565236,Female,USA,Los Angeles,-0.3024280427857738,-1.3844790996377467,1.4675491865680153,-0.21097555951901725,0.49006652006287815,-1.6776566323847546,-0.3176451810984694,-1.4873095230677231,-0.9284509915443238,-0.17709905123090228,Competition,Evening,Basic,Black,Yes,1.0
-1.4531696077757001,Other,USA,New York,-0.35917914547227914,0.2565859460510166,-1.2528978616996251,-0.4975317032251189,-0.25512830761193567,-0.10596250514267647,-0.5088148055319227,-0.6089708355271841,-1.5703704124405715,0.4047735648392714,Recreation,Evening,Premium,Black,No,1.0
-1.5218043565792725,Female,UK,Birmingham,-1.2585838126671107,-0.2513381523705004,0.9236977484445646,-0.19119567146012922,0.4308797828173304,-1.0325557776432817,-0.24392535097545195,-0.6089708355271841,-1.5703704124405715,-0.6047654262078126,Recreation,Morning,Premium,Black,No,1.0
-0.40445261772957364,Other,Australia,Brisbane,0.40863987677466496,-0.692398670986913,-1.5162919254606084,-1.0586368854251682,-0.483860196736974,-0.4761233085487648,-0.9974121726154205,-1.4873095230677231,1.067103651125418,-1.2525802520289981,Fitness,Evening,Basic,White,Yes,1.0
1.4713522244494153,Male,USA,Los Angeles,-0.5311023462194799,-1.0633576344201463,-0.09295905343355051,-1.0559314727820364,-1.869594435336414,1.8035827447057982,-0.9501537924555172,0.11890224108439283,-0.07297523146279654,-0.1007746584722364,Recreation,Afternoon,Premium,White,No,1.0
-0.967821134277679,Other,Australia,Brisbane,0.5042027429675418,1.6767566350982104,-1.6440526562630762,0.9366503327091162,1.5214585979640483,-0.1000406188048398,0.967068213407124,-0.6089708355271841,0.25897267409462416,-0.6218140718926481,Competition,Morning,Basic,Black,Yes,1.0
-1.3153385094155594,Female,USA,New York,1.1020781819118,1.7195031986778515,-1.763343875371804,1.1250551535808098,0.6326456443940688,-0.005109874524038258,1.1301596781786925,1.3526725834329467,-0.07297523146279654,0.11429413228066668,Competition,Afternoon,Free,White,Yes,1.0
-1.0376356159090647,Male,Germany,Hamburg,0.24612823120167124,-0.7766174304792751,1.761205051518257,0.4443132608405223,1.1969426120649922,-1.2342969791237948,0.41078805400908847,0.7635670295178747,-1.5703704124405715,-1.2738999443583778,Competition,Morning,Basic,White,Yes,1.0
-1.5218043565792725,Male,India,Mumbai,1.4344864990159365,0.7511468259393477,0.9314806833178513,1.3355438588726403,1.35356125133043,-0.7762817747610522,1.328666155334622,-0.6089708355271841,-0.9284509915443238,1.4254715156432858,Competition,Evening,Free,White,Yes,1.0
0.743106604288856,Male,USA,Chicago,-0.2084164163885592,-1.3369795811231782,-1.2661185862161222,-1.7178502260958706,-1.6136645457235574,1.1306936560815863,-1.4667858321714757,-1.4873095230677231,1.2955080648157982,0.9423362755881904,Fitness,Missing,Free,Black,Yes,1.0
1.0335094624552033,Other,Australia,Melbourne,-0.46074549092040973,-0.4504837060920755,0.04260839141894171,-0.532939895138066,-1.1973964960249397,0.8742938915307659,-0.5769174926231512,0.11890224108439283,-0.07297523146279654,0.7349704040717463,Recreation,Morning,Premium,Missing,Yes,0.0
0.5261484614349969,Female,Germany,Hamburg,0.5458466282106696,-0.3493256254349666,0.5371048175430051,0.1410012785314762,-0.9944662775179305,0.4647790171296827,0.057907261462393084,0.7635670295178747,-1.5703704124405715,-0.3018272946871056,Fitness,Morning,Premium,Black,Yes,0.0
-0.967821134277679,Male,USA,Chicago,-1.1612846443799112,-0.9574755833957239,-0.20349610055437045,-1.3107625848199254,0.3603484784340766,-0.7727605310017328,-1.1616048645238952,-0.6089708355271841,1.5094853232949899,1.175145535354102,Recreation,Evening,Premium,Black,Yes,0.0
-0.8277624448939587,Male,UK,Birmingham,-0.791019544905799,0.39394180216981606,0.12479004800089895,0.039520650837742526,0.8227588310815166,-1.098725774551577,-2.848311716390954,0.11890224108439283,-1.5703704124405715,0.6622603206671145,Recreation,Evening,Basic,Black,Yes,0.0
0.8881520237558846,Male,India,Mumbai,0.4684288803237308,0.41722432294533784,-0.3672914093228634,0.25814866555994914,-1.3313358129379407,0.6780956544334231,0.3150717501826034,0.11890224108439283,1.5094853232949899,0.12881107586463017,Recreation,Evening,Basic,Black,No,0.0
-0.19120943052252162,Other,USA,New York,0.7995877400322524,0.9234808533704936,0.9081010595881819,1.2645430388203203,1.8746361990599139,-0.6259014194832833,1.2386597130403811,0.11890224108439283,0.25897267409462416,-0.9533239830833844,Fitness,Afternoon,Premium,White,Yes,1.0
1.691213061789767,Other,Germany,Munich,-0.9103500876718827,0.09717327649296426,-0.012998361056728509,-0.30444427789855777,-1.9611818979014513,1.8033334826758025,-0.26529907928889057,-1.4873095230677231,0.5539255025804781,-0.04803877125622761,Recreation,Morning,Basic,White,Yes,0.0
-1.2461577669060369,Female,UK,London,-1.4003310366547574,0.9643926435426926,0.6689563316545395,0.5791918548005273,0.5432249567117627,-0.6275980488909743,0.45092351194488156,1.3526725834329467,0.25897267409462416,1.2060834869282169,Fitness,Evening,Premium,Black,Missing,1.0
-1.4531696077757001,Other,Germany,Hamburg,-0.9572080951803438,0.49890547982407335,1.6403572910058781,0.8140729740237826,1.3189333210691836,-1.1350921758997259,0.7732412118177803,0.11890224108439283,-1.5703704124405715,1.4973593974555464,Competition,Afternoon,Basic,Black,Yes,1.0
-0.967821134277679,Male,Germany,Hamburg,-1.4003310366547574,1.1657305994565317,-0.5486169814602305,0.24215409304872976,0.23650455906517204,-0.5353501947426175,0.1792196570492484,0.7635670295178747,0.25897267409462416,-0.6389409907595468,Competition,Afternoon,Free,Black,Yes,0.0
-1.3153385094155594,Female,UK,London,0.28841709979921565,0.7511468259393477,0.14285997671736705,0.6647794034680221,0.38993011505002045,-0.22487932635797542,0.7160041818763906,-0.6089708355271841,0.25897267409462416,-0.545689739178005,Recreation,Afternoon,Free,White,Yes,0.0
1.617859327933322,Male,Germany,Hamburg,0.5220621882313323,0.20239480669790352,-1.763343875371804,-0.3724279330567258,-1.1997583322379057,1.3510184677398698,-0.261774745137802,0.7635670295178747,0.25897267409462416,-1.500578964352592,Fitness,Evening,Premium,Black,Yes,0.0
0.16628489065817217,Male,UK,Manchester,2.4824436995502612,-1.3182741384649055,-0.19863101873026323,-0.019006740975632465,0.850849245456455,0.2563680256422827,-0.05148790696172716,-1.4873095230677231,0.25897267409462416,0.8264284374577073,Competition,Evening,Basic,Black,Yes,0.0
-0.19120943052252162,Other,USA,Los Angeles,-1.2028070012186676,0.48118136722399707,-0.9406157772224821,-0.4811081472939048,0.5479963295283744,-0.3334675097554871,-0.39891177010778517,-1.4873095230677231,0.8212898586265683,-1.010531943061869,Fitness,Morning,Basic,Black,Yes,0.0
1.544572051050417,Female,UK,Missing,-0.03471540455827524,1.1830163761035593,0.789779094070973,1.1775391573133922,-1.4855185759997123,1.3775979486920868,1.225037827459962,0.7635670295178747,-0.4580463641611468,1.0878749203440792,Fitness,Morning,Free,Black,Yes,0.0
0.16628489065817217,Other,UK,London,-0.13990862397899692,0.20784970958662374,-0.9704375855922348,-0.3541962987996714,0.21496533276224733,0.41510519510756716,-0.24446865281581756,1.3526725834329467,0.5539255025804781,0.5820415048577332,Recreation,Evening,Free,Black,Yes,0.0
1.0335094624552033,Other,India,Delhi,0.6524875813215412,0.6175239667834483,0.6648836592549683,0.840949810231021,-0.7027673196291238,0.4546470033711281,0.8959605321789127,-1.4873095230677231,-0.07297523146279654,-0.30973661379266176,Competition,Afternoon,Premium,Black,Yes,0.0
1.4713522244494153,Female,UK,Manchester,-0.028552435743161925,-0.23891051212912617,-1.763343875371804,-0.9703743677605681,-1.8124438344880152,1.8553199724736391,-1.0562525331386712,-1.4873095230677231,-0.4580463641611468,1.5390231632370241,Recreation,Afternoon,Free,White,Yes,0.0
0.16628489065817217,Male,UK,London,0.8347240223981044,0.9417104561824381,0.962510772618322,1.3125191289727747,0.8157563922071086,-0.7833335173074895,1.3708699844633223,0.7635670295178747,1.2955080648157982,-0.30973661379266176,Recreation,Afternoon,Premium,White,Yes,1.0
-1.1073002361975683,Male,USA,New York,-0.4225538666230824,-1.0509037916531494,-1.6363328190644093,-1.7877031614847494,0.27895976721714083,0.3621131507297632,-1.6297028589853066,-1.4873095230677231,0.8212898586265683,0.24361135756310343,Competition,Morning,Free,White,Yes,1.0
-1.3153385094155594,Female,India,Mumbai,1.2574358789202555,1.3836080428170356,0.9353683187562841,1.742099279896097,1.0854336154183892,-1.4731266702131192,1.69591180218754,1.3526725834329467,-0.07297523146279654,1.2981978412305857,Competition,Afternoon,Free,White,No,1.0
-0.616666342330344,Male,Australia,Brisbane,0.8347240223981044,-0.490561696069448,0.8294887885597818,0.29791298871183797,0.8922144928596701,-0.8869910131943448,0.21316452099613378,1.3526725834329467,0.8212898586265683,0.8717222854456417,Fitness,Morning,Basic,Black,No,1.0
-0.5460479512448121,Female,USA,New York,3.0944873594942854,1.3274459083553216,0.9508934483493259,2.199579343968374,1.923554868454423,-1.6580716812777627,2.3919142784240837,1.3526725834329467,0.25897267409462416,-1.7803809474948753,Competition,Morning,Free,Black,Yes,1.0
-1.5902402497269745,Female,USA,New York,3.10623903198839,0.7889960445599494,0.3546272275933336,1.619425771857708,0.9932374001414339,-0.5552933822672854,1.6372640736146467,-0.6089708355271841,-1.5703704124405715,1.2307488875817032,Fitness,Afternoon,Free,Black,Yes,1.0
-0.5460479512448121,Other,Australia,Brisbane,0.14294976624323358,-0.5758363127182311,0.34165252020700243,-0.23969954507548874,0.18995587396360464,-0.7939343321069644,-0.17884466000963858,1.3526725834329467,0.8212898586265683,0.041122474790000564,Fitness,Afternoon,Premium,White,Yes,0.0
0.9607924151432629,Female,UK,Manchester,2.1246131488342264,-0.6960072331458607,1.020261913828753,0.712559822594715,-1.086282198965174,0.8336982966205374,0.8031547052362686,1.3526725834329467,-0.4580463641611468,1.218425553779631,Fitness,Evening,Free,Black,Yes,0.0
-1.4531696077757001,Other,Germany,Berlin,-1.0449608516491455,1.6020787466150983,0.3025273658301014,1.0566292994127209,1.2758857034358906,-0.5039796730080482,1.1194126675252778,-0.6089708355271841,-0.9284509915443238,-0.7170250947903994,Competition,Evening,Premium,Black,Yes,1.0
1.691213061789767,Male,India,Bangalore,-1.4003310366547574,-1.4037855418140595,-1.3536715018172112,-2.497198320902858,-1.5220601967105765,1.489209252859694,-2.4359628078749362,0.11890224108439283,-0.07297523146279654,-1.721918573105637,Recreation,Afternoon,Free,Black,Yes,0.0
0.5261484614349969,Male,Germany,Berlin,0.3065068342012335,-0.2080479981828182,0.7417603240963617,0.2541548233460747,-0.009751090218430944,0.32019262016246003,0.17820105203779543,-1.4873095230677231,0.25897267409462416,1.1066571799230502,Fitness,Morning,Free,Black,No,0.0
-0.7575273526989368,Male,Australia,Sydney,-0.4225538666230824,0.6864988165505992,-1.10516193329881,-0.09140936294143968,0.39549541566926644,-0.5753383500885458,-0.22968309095079117,1.3526725834329467,-0.07297523146279654,-0.1007746584722364,Recreation,Morning,Premium,Black,Yes,1.0
-2.81927495261586,Male,USA,Chicago,0.3906619794141655,-1.3796804354354002,-0.031685333427176166,-0.8123997440209948,0.03397953054285148,-0.7029767831464766,-0.9054145045974764,-1.4873095230677231,0.25897267409462416,-1.039576243595018,Recreation,Morning,Basic,Black,No,1.0
1.3982008725410255,Other,USA,Los Angeles,-1.272605543298194,0.6574429896860106,1.088844395858691,0.5679263807127601,-1.649208603021078,0.974732776174196,0.47938422754028426,0.7635670295178747,1.067103651125418,0.6489568589864616,Competition,Morning,Premium,Black,Yes,1.0
-0.19120943052252162,Male,India,Bangalore,-0.41620092541643633,0.44805341615361377,-0.8011538913223742,-0.18681177773943822,0.05484148218939183,0.11126091863158814,-0.20186761871491754,-1.4873095230677231,-0.07297523146279654,-0.13878770071504515,Recreation,Morning,Premium,Black,Yes,1.0
-1.5218043565792725,Female,USA,New York,0.24007777367988917,-1.067523273650307,0.6485629154444197,-0.33377554404422416,0.06250345656456661,-0.742953866413774,-0.25523311552121025,-0.6089708355271841,-0.9284509915443238,-0.9913353754135711,Recreation,Evening,Premium,White,Yes,1.0
0.2380761059425596,Female,USA,Los Angeles,-0.6407477960374622,0.43009926272288673,-0.14547482883496446,-0.0042374736080570165,0.5728737601357836,-0.2772353649371395,0.06149842086464259,-1.4873095230677231,1.2955080648157982,0.7152163284139773,Competition,Afternoon,Basic,Black,Yes,1.0
-2.81927495261586,Female,India,Missing,0.10636713824661002,0.49384144917252726,0.6198847139501085,0.5773159352790088,-0.8758935737624884,1.0382382018497833,0.5822610205725596,-1.4873095230677231,0.8212898586265683,0.215128077504045,Fitness,Evening,Free,Black,Yes,0.0
0.16628489065817217,Other,India,Bangalore,0.4684288803237308,0.15846152383712153,-1.7068276444449608,-0.41834216814549596,0.7353147860767157,0.5212274445304986,-0.31290600206907143,-1.4873095230677231,1.5094853232949899,-1.7362314117296131,Recreation,Morning,Premium,Black,Yes,0.0
1.0335094624552033,Male,Australia,Melbourne,0.5042027429675418,1.7207199626780434,-0.5116673980654384,1.3108711389712018,-0.602092691948836,0.69587616106624,1.3242398762253125,0.11890224108439283,0.8212898586265683,-0.04054971628376928,Competition,Morning,Premium,White,Yes,1.0
1.617859327933322,Male,USA,New York,-1.140618344286434,1.0937387880416805,-0.25245542655975833,0.36480153493480677,-1.8114318567300056,1.996146681238626,0.43027031618989353,0.11890224108439283,0.5539255025804781,0.0041571778055561805,Recreation,Morning,Basic,Black,Yes,1.0
0.09458826567883617,Male,USA,Chicago,0.3125322556393935,0.2967197331719392,-0.10721953629620272,0.22208840290235854,0.7540868639857088,0.10427027032420755,0.18476757158747495,0.7635670295178747,1.067103651125418,0.8134349021453344,Recreation,Morning,Premium,White,Yes,1.0
-0.897861840447026,Other,Australia,Brisbane,-0.6992731336958113,-0.5654713787689523,-0.19377145791592926,-0.830206171655939,0.03397953054285148,-0.9729697756324062,-0.8685327299620968,-0.6089708355271841,0.5539255025804781,0.06317851909840827,Fitness,Afternoon,Free,Black,Yes,0.0
-1.1073002361975683,Female,UK,Birmingham,-0.6992731336958113,-2.0059474728791344,0.9431359545125385,-0.9624518913488812,0.5127855472644828,-0.5569598976472366,-0.8083628059295247,-1.4873095230677231,-1.5703704124405715,-0.30973661379266176,Recreation,Morning,Basic,White,No,0.0
-1.1073002361975683,Female,UK,London,2.3837064932588463,0.014743765918141298,0.4019208814345917,0.9190504305384609,0.7918092623551171,-0.9270115662151224,0.884563815664617,-1.4873095230677231,0.5539255025804781,1.1316305568909557,Competition,Afternoon,Free,White,Yes,1.0
0.6707043991410716,Male,UK,Birmingham,-0.9237111401898728,-1.0385137857937075,0.46572189141311726,-0.8660627697184582,-0.07160264183738493,0.5435515200739517,-0.8375492399519342,-1.4873095230677231,1.5094853232949899,0.32823684190375607,Recreation,Morning,Free,Black,Yes,1.0
-1.1768095690178901,Female,Australia,Melbourne,-1.12001319509664,1.1743814831163402,-0.7671757836037979,0.25015778560733765,1.3254132040631732,-0.4097503251201898,0.18342904857860917,-1.4873095230677231,0.5539255025804781,0.9869259761941057,Fitness,Afternoon,Basic,Black,Yes,0.0
1.0335094624552033,Female,USA,Los Angeles,-1.4003310366547574,0.32324065802240365,0.2542887006238692,-0.1475445528764627,-1.2508347173636507,1.0637183908697905,-0.12533280084101628,0.11890224108439283,-1.5703704124405715,-0.504034369631173,Fitness,Evening,Premium,Black,Yes,0.0
-0.19120943052252162,Other,Australia,Brisbane,-0.04704947681456588,-2.040656288368096,1.6019412469314391,-0.28873029785555004,0.44584950102075216,-1.7724430615232996,-0.1756746566596783,0.7635670295178747,0.5539255025804781,-0.13878770071504515,Competition,Morning,Free,Black,Yes,0.0
-1.1073002361975683,Other,Australia,Brisbane,1.2115189772540702,1.2854193181961282,-0.04575135861716249,1.28609698587102,1.34922353143439,-0.6005389287045333,1.195465230361867,1.3526725834329467,1.067103651125418,-1.2001482205711158,Fitness,Afternoon,Free,Black,Yes,1.0
-0.19120943052252162,Other,UK,Missing,-0.18346308156555305,-0.39785801557374667,-1.0554808623304095,-0.9048497378042768,0.6142612482701441,-0.5204591129298994,-0.8489450157091241,-0.6089708355271841,1.2955080648157982,1.1627369045422011,Recreation,Evening,Free,Black,Yes,0.0
-0.26240001513565236,Other,Germany,Munich,-1.4003310366547574,-0.4939258455414727,1.8089736077628842,0.1266722341529581,0.6920706978959004,-1.5044593804746875,-0.020134305861694485,-1.4873095230677231,-0.9284509915443238,-1.9853420125315175,Fitness,Morning,Free,Black,Yes,0.0
-1.1073002361975683,Male,USA,Chicago,0.8989778003833686,1.944914581560449,1.0393901290455327,2.1172319891154157,1.2715954422231341,-2.064678745470651,2.188533609302465,0.7635670295178747,0.5539255025804781,1.371159715376814,Competition,Morning,Basic,Black,Yes,1.0
1.617859327933322,Other,UK,Manchester,-1.371696246414935,-0.04910899683238828,-0.9169567719979195,-1.0182603383241253,-1.380944162203992,1.3652590876131128,-1.07416140514517,1.3526725834329467,-0.4580463641611468,0.7020155661035916,Missing,Morning,Basic,Black,Yes,0.0
0.5261484614349969,Female,Germany,Berlin,-1.1612846443799112,-0.2482267600091378,0.15636770052624122,-0.5758251356456483,-0.4158706981536116,0.1265931769615251,-0.553297229095154,0.7635670295178747,0.8212898586265683,-1.3391639465922034,Fitness,Afternoon,Free,Black,Yes,0.0
0.38193446442781964,Male,Germany,Berlin,0.40863987677466496,-1.6186674006446584,-0.9824453277847044,-1.4379321208010887,-0.034427018858041676,0.43939354974912515,-1.487571441277045,0.11890224108439283,-0.9284509915443238,-1.4412624082958958,Fitness,Afternoon,Premium,Black,Yes,0.0
-1.0376356159090647,Female,India,Mumbai,-0.8240062232021981,-0.3815959994333655,0.9586408458476406,-0.12155141641999001,0.8740200626246136,-1.1485705136010367,-0.12640557015506373,1.3526725834329467,-0.9284509915443238,-1.8925996682614257,Competition,Evening,Free,Black,Yes,1.0
-0.616666342330344,Female,USA,New York,1.1885246089450148,1.5142210454729508,0.11119238803902796,1.5134907347169455,1.140956754605723,-0.767484437907039,1.5011438759330775,0.7635670295178747,0.5539255025804781,0.215128077504045,Fitness,Afternoon,Premium,Black,Yes,1.0
0.45399789021912035,Female,Germany,Munich,0.9222914933220933,0.5366229127045431,-0.433664915574793,0.475013202025484,0.19708828704487977,0.20229526114879778,0.36530619708332823,0.11890224108439283,0.8212898586265683,0.480373589954219,Fitness,Afternoon,Free,Black,Yes,0.0
0.16628489065817217,Other,UK,Missing,-0.7515908366051584,-0.9415797272290457,-0.8412285465308936,-1.477341794734339,-0.27199053123737715,0.4470286135888872,-1.2960135181078813,0.7635670295178747,0.8212898586265683,-1.4296382459604338,Recreation,Morning,Premium,White,Yes,0.0
-0.967821134277679,Other,India,Bangalore,0.5992457257721936,0.6671508272770773,-1.6363328190644093,0.08136113914488316,1.15043116950513,-0.666822260361813,-0.011465619460503403,0.7635670295178747,0.25897267409462416,-0.1311615537896093,Competition,Morning,Free,Black,Yes,0.0
0.38193446442781964,Male,USA,Chicago,0.7995877400322524,0.4223793866879029,-1.2727529989374502,0.05438535351919284,0.8227588310815166,0.1293739173216969,-0.03789366913148486,1.3526725834329467,1.5094853232949899,0.7349704040717463,Fitness,Missing,Premium,Black,Yes,0.0
-0.5460479512448121,Male,Australia,Sydney,-6.725433428757749,1.3918735173446615,1.9803767233624965,0.4592747109927731,1.8410288561100727,-2.338822815631482,0.2703646361686946,0.11890224108439283,1.2955080648157982,-1.6395648921011596,Competition,Morning,Free,Black,Yes,1.0
0.8881520237558846,Other,UK,Birmingham,-0.06557107307875433,-0.5585818919644739,0.7497917168400464,-0.09140936294143968,-0.6413047133025714,0.8832478338273259,-0.08893603925018276,-1.4873095230677231,1.2955080648157982,1.5745800106856251,Fitness,Morning,Free,White,Yes,0.0
-0.26240001513565236,Female,Germany,Berlin,0.3786659933069063,-0.06378736475178103,1.0584583662821976,0.5283073001987838,0.5604211446947625,-1.6320929820356909,0.5419201875088777,-0.6089708355271841,0.8212898586265683,0.6821668256595396,Fitness,Morning,Premium,White,No,0.0
1.544572051050417,Male,Germany,Berlin,-0.1772322014755366,0.7201438909155288,0.10665114670240998,0.4826599696207866,-1.7423932155593254,1.4391918677219901,0.344617370777935,1.3526725834329467,-0.9284509915443238,-1.088683973423935,Fitness,Morning,Basic,White,Yes,0.0
0.9607924151432629,Other,UK,London,0.14903826420514665,-0.45380323691590263,-1.763343875371804,-1.0721936063973105,-1.1443372621876464,1.0753297708520124,-1.1013483432405586,0.11890224108439283,1.5094853232949899,0.6289524169231774,Recreation,Evening,Premium,Black,Yes,0.0
-0.11991287048315613,Other,Germany,Missing,-1.272605543298194,-0.31103529925565104,0.10665114670240998,-0.6899316989270425,0.2491128244083055,-0.267943447047347,-0.6960308864802226,0.7635670295178747,-0.4580463641611468,-1.7507378315416315,Recreation,Evening,Basic,Black,Yes,0.0
-1.1768095690178901,Other,India,Bangalore,-0.6083796426418555,-0.4471678135123131,-1.220120527436453,-1.1937047828815175,1.2416374307370261,-0.18835334376585003,-1.1820975227113601,0.11890224108439283,0.25897267409462416,-0.45461146490026344,Recreation,Evening,Free,Black,Yes,0.0
-0.04851283305920734,Female,USA,New York,0.06357371803876354,-0.40765658671977173,1.675097726619733,0.5427763687066551,0.5403641069195881,-0.8815639684912184,-2.848311716390954,-0.6089708355271841,-1.5703704124405715,-0.42198953554639523,Competition,Evening,Premium,Black,Yes,1.0
1.2521078550527232,Other,India,Mumbai,-0.39082379615472035,0.08873431326933479,1.8665556733628823,0.8122765485331445,-1.094842356842749,0.38806276834029946,0.8619380996545045,-0.6089708355271841,0.25897267409462416,-0.770059677608464,Competition,Morning,Premium,White,Yes,0.0
1.1791684078030877,Other,Germany,Berlin,-0.20217358650102069,-0.11715981894340065,-0.3169686706521574,-0.36786292435611184,-1.6942807368501511,1.115121595817069,-0.3435529546542708,-1.4873095230677231,-0.07297523146279654,-0.06305000030945947,Recreation,Evening,Premium,Black,Yes,0.0
0.38193446442781964,Other,Australia,Sydney,1.7004093851800064,1.727237773331335,1.402941786624861,2.2937165091273557,1.0345125057852835,-1.1466423773262724,2.3840348303285364,-1.4873095230677231,-0.9284509915443238,-2.006005207732976,Competition,Morning,Basic,White,Yes,0.0
-0.5460479512448121,Other,USA,Los Angeles,1.2459655677509465,0.3809465112765096,-1.763343875371804,0.04188373238261937,1.2331017250646237,-0.10596250514267647,0.06710981450549877,-0.6089708355271841,1.2955080648157982,1.1191537586858091,Fitness,Evening,Basic,Black,Yes,1.0
1.0335094624552033,Male,USA,New York,0.875636895606374,-1.4380145931463562,-0.9110690017265523,-1.0749109123240155,-1.363643164709888,1.3670511280109008,-0.9282805554216715,1.3526725834329467,-0.4580463641611468,0.09973867188756565,Fitness,Afternoon,Free,White,Yes,1.0
0.30995992984872417,Male,UK,Birmingham,-1.12001319509664,-0.5524811235060825,0.6770927135091441,-0.5140187845678085,-0.809801958840571,-0.5403264938842074,-0.48903909507817217,1.3526725834329467,1.067103651125418,-0.25465954003490576,Fitness,Evening,Basic,Black,Yes,0.0
1.0335094624552033,Other,UK,London,0.420614495060551,0.722536830363327,-0.569894282869101,0.40761913268900446,-0.9720846044134612,1.3313088366414902,0.4490681019162431,0.7635670295178747,0.5539255025804781,-0.04054971628376928,Recreation,Evening,Basic,Missing,Yes,0.0
0.5261484614349969,Female,Australia,Melbourne,-0.4480007489327326,-0.5141910052819652,-1.0126674978567818,-1.0885274903522744,-0.5229833909948473,0.5012620198623975,-0.9676252568196743,-1.4873095230677231,0.25897267409462416,0.466695566513068,Competition,Morning,Free,Black,No,0.0
-0.6871606925777262,Male,USA,Chicago,-0.7647152496668083,-0.699620491053577,-0.569894282869101,-1.1573790509516704,0.723489347450593,-0.180788091000965,-1.0797031689119232,0.7635670295178747,-1.5703704124405715,0.5076418371703542,Recreation,Evening,Premium,Black,Yes,1.0
0.6707043991410716,Other,Australia,Melbourne,-0.22716306143722098,-0.4704558889487122,1.5597873430154172,0.3511022130109482,0.23830376760231148,-0.10892697738970589,0.2818738819010307,-1.4873095230677231,-0.07297523146279654,-0.30973661379266176,Competition,Afternoon,Premium,Black,No,0.0
-1.0376356159090647,Male,UK,Missing,0.3426260002326643,0.3179512658816843,0.12479004800089895,0.34718134374220466,0.7432115775503347,-1.091109936186117,0.37896888649224814,-0.6089708355271841,0.8212898586265683,-1.2846383545921807,Fitness,Morning,Free,White,No,0.0
0.2380761059425596,Male,UK,Birmingham,-0.2772894626910117,0.19419728560425123,0.8294887885597818,0.384308447484727,-0.01912718270008998,-0.14019677817695758,0.28915236971985653,1.3526725834329467,-1.5703704124405715,-0.27818229463050026,Recreation,Morning,Premium,Black,Yes,1.0
0.022988302149390624,Female,USA,New York,-0.6342659758302587,0.18872210748494328,-1.2794036255765922,-0.6727353912036558,-0.1844996150161408,0.36081063754045556,-0.5874465665046802,1.3526725834329467,0.25897267409462416,0.349206328127585,Competition,Evening,Basic,Black,Yes,1.0
-0.7575273526989368,Other,India,Bangalore,0.9106380317250713,-0.6141624314019244,-0.169555718854128,-0.2286302787442087,0.8117586198703074,-0.7447010868644066,-0.16584150723297283,-0.6089708355271841,0.5539255025804781,0.06317851909840827,Competition,Morning,Free,Black,Yes,1.0
0.16628489065817217,Other,Germany,Hamburg,0.3906619794141655,0.7420592515653195,0.2542887006238692,0.6850456420164858,0.6297388963696713,-0.29744598637907843,0.7388882410461632,0.7635670295178747,-0.9284509915443238,0.5483287564400293,Fitness,Morning,Free,Black,Yes,1.0
0.38193446442781964,Female,UK,Birmingham,-0.7976073358939513,-0.3621936553428139,-0.727952019910177,-0.9783133899267533,-0.467174637657363,0.18180618472282042,-0.9478439921838193,0.7635670295178747,-0.4580463641611468,-2.0507611086634037,Recreation,Morning,Free,White,Yes,0.0
1.3982008725410255,Female,UK,Manchester,0.8347240223981044,0.023360836616015287,-0.24261814911614005,0.1410012785314762,-1.4413339036537025,1.663323986588398,0.04127319743243401,0.11890224108439283,0.5539255025804781,0.9932744521941802,Recreation,Morning,Premium,White,Yes,0.0
0.30995992984872417,Other,India,Mumbai,-1.011093348321508,0.16398211887198308,-0.9465578539149914,-0.7047293611368124,-0.008897732844994148,0.1625773941047582,-0.8025040911759579,-1.4873095230677231,-0.07297523146279654,-0.9533239830833844,Recreation,Morning,Free,White,Yes,0.0
0.30995992984872417,Other,India,Delhi,0.15512432518162214,0.9143377819879198,-0.5859319641023334,0.47692594553426104,0.20959531695863512,0.35950764305546284,0.5096610481816486,0.7635670295178747,1.2955080648157982,0.8264284374577073,Fitness,Morning,Free,White,Yes,1.0
-1.1073002361975683,Female,Australia,Melbourne,-1.4003310366547574,-0.40765658671977173,-0.7002011970380048,-1.2446185301237866,0.06250345656456661,-0.5270703809451444,-1.1594388640268871,-0.6089708355271841,-0.07297523146279654,-0.3896186366559858,Recreation,Afternoon,Free,White,No,0.0
-0.04851283305920734,Male,Australia,Sydney,1.773459866363673,1.4534249844652947,1.2163489521379272,2.039760121519854,1.1483245908684248,-1.9892510465453979,2.158005660747532,0.7635670295178747,-0.07297523146279654,0.32823684190375607,Fitness,Evening,Premium,Black,Yes,0.0
0.38193446442781964,Male,Germany,Berlin,0.6937916430847957,-1.3416816965398775,1.4496654310448311,0.14712944786515375,-0.7133634729905605,-0.7359725892019907,0.03610847229749968,1.3526725834329467,-0.9284509915443238,0.8458748147406647,Fitness,Afternoon,Basic,Black,Yes,0.0
-1.3153385094155594,Female,Germany,Berlin,0.7585146065432309,-0.6423617967148305,1.0964174729554508,0.32359236306492534,0.7848425416030491,-1.4008880871952127,0.4013816275366379,-1.4873095230677231,-0.07297523146279654,-1.9100530838175924,Fitness,Morning,Free,Black,Yes,0.0
1.3251190523378964,Male,USA,Chicago,-0.6797264142607907,2.2674313479452186,0.9198024373920107,1.955434523317575,-1.0323688408474536,0.9769059608367122,2.131332142514229,0.11890224108439283,-0.9284509915443238,-1.3613878874033472,Competition,Morning,Basic,Black,No,1.0
-1.1768095690178901,Female,Australia,Missing,-0.146121932453822,-1.0385137857937075,-0.24261814911614005,-0.9598147250225273,0.4599218459803754,-0.6874418034337934,-0.9432179430214697,-1.4873095230677231,-0.07297523146279654,0.22938732251176266,Recreation,Evening,Premium,Black,Yes,1.0
1.3251190523378964,Male,UK,Manchester,-0.8306180224179479,-1.1011123315927114,-0.25738270600964697,-1.3020637512551663,-1.5996113280633821,1.7056822987002183,-1.1984802466185858,1.3526725834329467,0.8212898586265683,1.4495002878082,Recreation,Afternoon,Premium,White,Yes,0.0
0.8881520237558846,Male,Australia,Melbourne,0.5992457257721936,-0.3493256254349666,1.6785622926136878,0.7417557910447384,-0.5244792777688222,-0.08969990190867821,0.7867418013813722,1.3526725834329467,-0.4580463641611468,0.5618346579343271,Fitness,Evening,Premium,Black,Yes,0.0
1.2521078550527232,Other,UK,Manchester,0.5873929857951815,0.5366229127045431,1.0964174729554508,1.0134485597787717,-1.1991423531388694,1.0594856588579915,1.0586601589332933,1.3526725834329467,1.2955080648157982,-1.1898026750361959,Fitness,Afternoon,Premium,Black,Yes,0.0
-1.5218043565792725,Male,India,Mumbai,0.8054481968310312,0.5064774546198496,-0.475071147040612,0.39791920524988095,0.3199486168843926,0.1900158120786243,0.39197264677596877,0.11890224108439283,-1.5703704124405715,-1.5747484700997405,Recreation,Evening,Premium,Black,Yes,1.0
0.09458826567883617,Other,Germany,Hamburg,0.717352954145713,1.2131138486757764,0.4614926905447222,1.2745006507210836,0.8107595882941541,-0.29277247474104046,1.3273363334135313,1.3526725834329467,1.5094853232949899,0.33523479180403193,Competition,Morning,Premium,Black,Yes,1.0
-1.0376356159090647,Other,Germany,Hamburg,1.1770183531173413,-1.4828926214895575,1.4460829311478098,0.2541548233460747,0.5805507263811602,-1.0892081513967042,0.32129662711966944,1.3526725834329467,-0.9284509915443238,0.32123071539891995,Fitness,Evening,Basic,White,Yes,1.0
0.2380761059425596,Other,USA,Chicago,-0.28985238259059676,0.4454935550871067,-0.976435738505581,-0.21097555951901725,0.35574155589300377,0.09446074690591404,-0.13163812531955651,0.7635670295178747,-0.4580463641611468,-0.7879230572141982,Recreation,Afternoon,Basic,Black,Yes,1.0
-1.5902402497269745,Female,Australia,Sydney,0.968838294532316,-0.23271453509577775,-0.027006368278773004,0.10612874595241406,0.12184412425665393,-0.039878656614536157,0.19654414267162257,0.11890224108439283,-1.5703704124405715,-1.4529631451948273,Fitness,Afternoon,Premium,Black,Yes,1.0
-0.04851283305920734,Male,India,Mumbai,-0.791019544905799,-1.7361174866636322,-0.031685333427176166,-1.5326974462920175,0.11921013614728931,0.1941136190723945,-1.4230859651585164,-1.4873095230677231,-0.4580463641611468,-1.6395648921011596,Recreation,Afternoon,Free,Black,Yes,0.0
-0.967821134277679,Other,UK,Manchester,-1.4003310366547574,-1.1394792552496011,-1.1240079893216046,-2.118886002733848,0.2735197367993263,-0.5653030929978625,-1.7942668240740494,0.11890224108439283,0.5539255025804781,-0.7346127853442908,Recreation,Afternoon,Free,Black,Yes,0.0
1.3251190523378964,Male,Germany,Hamburg,0.17944436166515895,0.38874891480286644,-0.433664915574793,0.11230091574383448,-1.3383855736755161,1.5133319495708466,0.07018844464654424,0.11890224108439283,1.5094853232949899,1.112907950474699,Fitness,Morning,Premium,White,Yes,0.0
0.09458826567883617,Female,Germany,Munich,1.8686743465903617,-1.952078916994621,-0.09770744498870003,-0.4764272691907829,0.46838301394038373,-0.4274464494856219,-0.49972870846247563,0.11890224108439283,-0.4580463641611468,-0.0856507251887523,Competition,Evening,Basic,Black,Yes,0.0
-1.4531696077757001,Female,UK,London,-0.9572080951803438,-0.9022706398125276,-0.846992657209547,-1.5451271272751232,0.27442599761360253,0.08321742495084879,-1.5177474463921048,1.3526725834329467,-0.9284509915443238,1.473462649292029,Recreation,Afternoon,Premium,White,Yes,1.0
-1.2461577669060369,Other,India,Mumbai,0.6406694492269971,-0.7766174304792751,-0.19863101873026323,-0.4484487342799688,-0.193498277051199,-0.4647106904465101,-0.369903091603551,1.3526725834329467,-0.9284509915443238,1.1937225615170024,Recreation,Morning,Premium,White,Yes,1.0
-1.2461577669060369,Female,India,Mumbai,-1.0381753639314202,-0.7396816150884539,-0.16472883599975296,-1.0749109123240155,0.7412363922382501,-0.29121590956681626,-0.8891116743423624,-0.6089708355271841,-0.4580463641611468,-0.11594472682743377,Recreation,Evening,Basic,White,Yes,0.0
-1.5218043565792725,Male,Australia,Sydney,0.7585146065432309,0.48878708792625347,-0.07401607679854556,0.5245184874427558,1.1367501864592144,-0.3429204632636688,0.4444472570860329,-1.4873095230677231,-1.5703704124405715,-0.4710192844463343,Competition,Evening,Premium,Missing,Yes,1.0
-0.40445261772957364,Other,Australia,Brisbane,-0.7976073358939513,1.4737728913884116,0.9741055324102312,1.2877517767194981,1.0646017265599197,-0.8116645093236055,1.2053056690304509,0.7635670295178747,1.067103651125418,0.5144408061574459,Competition,Morning,Premium,Black,No,0.0
-0.04851283305920734,Male,USA,Missing,1.6553496672699746,0.7748419343260279,-0.9406157772224821,0.72352662841734,0.807763481178655,-0.18532541842057967,0.7762446687188664,0.11890224108439283,-0.9284509915443238,-2.0507611086634037,Fitness,Morning,Premium,Black,Yes,1.0
-1.5218043565792725,Male,Germany,Berlin,0.5636640407662087,-0.3783538384049469,2.105564942810286,0.9419196438973162,0.4168839046375161,-1.098725774551577,0.9589986441080647,-1.4873095230677231,-1.5703704124405715,1.2737348109226418,Competition,Afternoon,Basic,Black,Yes,1.0
-0.8277624448939587,Female,Australia,Melbourne,0.9281156957392882,-1.0716961546540775,-0.5486169814602305,-0.6751875792849503,-0.05643285496066193,-0.6242055169240087,-0.5415198793798277,-1.4873095230677231,1.2955080648157982,-2.103057681583375,Fitness,Evening,Free,White,Yes,0.0
-0.11991287048315613,Female,India,Mumbai,0.020654999045917194,1.0871380069198855,-1.1684601644514347,0.3882009229602617,0.40013768787318743,-0.23713352419855233,0.3040811102096757,-0.6089708355271841,1.5094853232949899,-1.8109624399161055,Fitness,Evening,Free,Black,Yes,0.0
0.9607924151432629,Female,UK,Manchester,0.02679403362670602,-1.1524095508091314,0.6892749919527356,-0.43684446487250383,-0.9331493065733576,0.7159149425789405,-0.5563053569069886,0.7635670295178747,-1.5703704124405715,0.12155739077655187,Competition,Morning,Basic,Black,Yes,0.0
-0.26240001513565236,Female,India,Delhi,0.8581131977378413,1.3504052872963384,-0.15990732610006866,1.1943701110658538,0.97782716440601,-0.9655817799584197,1.1974290282826143,0.11890224108439283,-0.07297523146279654,1.2737348109226418,Fitness,Evening,Free,Black,Yes,1.0
1.1063018754321465,Female,Germany,Berlin,-0.35917914547227914,-0.28576359079018054,-1.7068276444449608,-1.1352048707526812,-1.5475351427424724,1.4061796701192866,-1.20395927089382,0.7635670295178747,-0.07297523146279654,-0.2079699781414351,Competition,Afternoon,Premium,Missing,Yes,0.0
0.022988302149390624,Other,India,Mumbai,-0.308720684557249,1.3420690202462706,0.5745126094372079,1.1403408728809947,0.5518163886582289,-0.6514274530159354,1.0909493592898027,-0.6089708355271841,1.5094853232949899,0.06317851909840827,Fitness,Evening,Free,White,No,0.0
-0.26240001513565236,Male,USA,Los Angeles,1.1655060137583744,-0.5414289724842446,1.643839133453971,0.794280151027206,0.9348756066570415,-1.3947522076146726,0.7685718843833405,1.3526725834329467,1.2955080648157982,1.5390231632370241,Competition,Morning,Premium,Black,Yes,1.0
-1.5902402497269745,Male,Germany,Hamburg,1.5423391946146128,0.29139320237027855,2.2842395498515824,1.688040638870639,0.6989291285225122,-1.5508265653482842,1.6786434201410203,-1.4873095230677231,-1.5703704124405715,-1.0689324344593898,Competition,Morning,Free,White,Yes,1.0
-1.5902402497269745,Male,UK,London,0.43856057862832926,0.6744168559460304,-0.49594070473422863,0.3998606558236447,0.6336148894606904,-0.3052479172070167,0.28246384078743225,0.11890224108439283,-1.5703704124405715,1.1378615810239603,Fitness,Afternoon,Basic,Black,Yes,1.0
-0.47530895989914296,Male,USA,New York,-0.8372347124029424,-0.08740481094115199,-0.10246093296335622,-0.46941552813025633,0.8528606420709945,-0.7604604004804596,-0.35414778927524543,1.3526725834329467,-0.4580463641611468,0.23650371748305418,Recreation,Afternoon,Free,Black,Yes,1.0
-1.5902402497269745,Female,Germany,Hamburg,-0.5632329435646227,-0.2172760888565908,1.2864951403260956,0.2541548233460747,1.2715954422231341,-0.7064372290102742,0.17461886150196454,-0.6089708355271841,-1.5703704124405715,-2.0507611086634037,Fitness,Evening,Free,White,Yes,0.0
1.544572051050417,Male,UK,Missing,-0.5567991264734805,0.48118136722399707,-1.465655757148082,-0.4438032815652469,-1.6879515945378636,1.8143516610462163,-0.463014319886625,0.7635670295178747,-0.4580463641611468,-0.7522902973237111,Competition,Evening,Free,Black,Yes,0.0
0.45399789021912035,Other,USA,New York,-0.9841051449788768,0.31265450842395026,0.6157755570566003,0.15121063214068658,-0.03866753117284552,-0.28499599825704536,0.22284993452799512,-1.4873095230677231,1.2955080648157982,1.1004014296966713,Recreation,Morning,Basic,White,Yes,1.0
1.2521078550527232,Other,USA,New York,-1.0721641006964193,-1.6680602575578805,-0.5274589808660362,-1.9645191899997811,-1.7527828805707566,1.290231029545019,-1.7259587204157207,0.11890224108439283,1.2955080648157982,1.3529784981651538,Fitness,Afternoon,Free,Black,Yes,1.0
1.691213061789767,Male,Germany,Berlin,-0.059394462372137594,-1.1053445458171205,1.4353238698278377,-0.010561521575948368,-1.929348695251999,1.4373150238245507,-0.00404268333251462,1.3526725834329467,-0.9284509915443238,0.011571054336955485,Missing,Afternoon,Basic,Black,Missing,0.0
-1.4531696077757001,Male,Australia,Sydney,-0.6667166861567944,0.47610277980395577,0.6770927135091441,0.3998606558236447,0.7146358201236973,-1.0045176115745114,0.423128314464922,1.3526725834329467,-0.9284509915443238,-1.39520422360986,Fitness,Afternoon,Premium,White,Yes,1.0
1.617859327933322,Other,USA,Los Angeles,-0.6992731336958113,-1.3653502810121332,0.1021055373251351,-1.1937047828815175,-1.7555360087671543,1.6763555895250515,-1.0369323307041691,-1.4873095230677231,-0.4580463641611468,0.7415426486260581,Recreation,Missing,Free,Black,Yes,1.0
-0.897861840447026,Other,USA,Missing,-1.4003310366547574,1.1959389269429583,1.1491709986309893,0.9908656010014714,1.5125840461751199,-1.7702156227806354,1.0668719986580122,0.7635670295178747,-0.07297523146279654,0.4872015751768934,Missing,Afternoon,Basic,White,Yes,1.0
0.022988302149390624,Female,UK,Manchester,0.5873929857951815,-0.7507097185375389,-1.763343875371804,-1.1049340748083316,-0.3512942774163018,0.3621131507297632,-1.0119197363639778,-0.6089708355271841,-0.4580463641611468,-0.6132800627246681,Fitness,Morning,Basic,Missing,Yes,0.0
-0.11991287048315613,Other,India,Mumbai,-0.569670648412991,-0.460453261580212,0.13834891130410648,-0.530570128009199,0.27623901234727777,-0.8833721797862475,-0.4273079256615205,0.7635670295178747,1.2955080648157982,-0.9251353945257521,Fitness,Morning,Free,Black,Yes,0.0
1.4713522244494153,Female,Germany,Munich,2.61124805884895,-1.143781357043067,0.028769606993458794,0.207994024604565,-1.5793963261471007,1.5812242210009406,0.19044779246553897,0.7635670295178747,-0.4580463641611468,0.279019865212144,Fitness,Evening,Premium,Black,Yes,0.0
1.544572051050417,Female,Germany,Berlin,0.18551835909504968,0.11678725778626387,1.474689340769533,0.796082429122471,-1.7179979876687905,1.5713622357555825,0.7294026660784677,0.7635670295178747,-0.9284509915443238,-0.72580783716315,Fitness,Evening,Basic,Black,Yes,1.0
0.16628489065817217,Female,Australia,Sydney,-1.0789804728465102,-0.9534922037626433,-0.8354743414516869,-1.6367087990830937,-0.24787948949867317,0.4597166945885348,-1.3929919477573016,-1.4873095230677231,0.8212898586265683,1.3347580306543967,Fitness,Afternoon,Free,Black,No,0.0
-0.7575273526989368,Female,Australia,Melbourne,0.3004791724274903,-1.5391651591031796,1.5703501171541812,-0.002131330342317629,0.7639907688717907,-1.7347272301954575,-0.014758376216440546,-1.4873095230677231,-0.4580463641611468,-1.8755712664894333,Competition,Evening,Premium,Black,Yes,1.0
-1.5902402497269745,Female,Germany,Berlin,-0.3339236532135225,-1.5133852780294912,0.5745126094372079,-0.8327565240222358,-0.19268103747200532,0.029334061716924837,-0.6977674861543607,-0.6089708355271841,-1.5703704124405715,0.5212326050516983,Competition,Morning,Basic,Black,Yes,1.0
0.022988302149390624,Male,Australia,Melbourne,0.28841709979921565,1.3566480961114091,-0.3169686706521574,0.9786684985674834,1.1937612457667175,-0.5586271202983027,0.8701211692697469,0.7635670295178747,0.8212898586265683,-1.8755712664894333,Fitness,Afternoon,Basic,Black,Yes,0.0
-0.967821134277679,Other,UK,Manchester,-0.7581507545568817,-1.3653502810121332,0.4614926905447222,-0.9969027015031445,0.13503624453132318,-1.2107433504141036,-0.9882187722634277,-1.4873095230677231,0.8212898586265683,-0.8420998731860979,Missing,Morning,Premium,Black,Yes,0.0
0.8155896249369979,Female,Germany,Munich,1.902196576111934,1.3064785587916323,-0.5645636455954356,1.328974315123597,-0.21793915115497423,0.9649354685400762,1.4389205176547595,-0.6089708355271841,1.2955080648157982,-1.9279823806355967,Competition,Afternoon,Premium,White,Yes,0.0
0.022988302149390624,Other,Australia,Melbourne,-0.2459372004971191,-2.040656288368096,-1.0005434746437825,-2.025965321614297,0.02021413392402322,0.4622487758978139,-1.9298470553172535,-0.6089708355271841,0.25897267409462416,-0.23904426832958367,Recreation,Evening,Free,Missing,Yes,0.0
0.30995992984872417,Other,Germany,Munich,1.7229089103778925,-2.040656288368096,-1.1240079893216046,-1.050526544833845,-0.5087397665392249,0.36341518290101343,-0.8794763423679283,0.7635670295178747,-0.4580463641611468,0.34222460677765787,Competition,Afternoon,Free,White,Yes,0.0
0.8881520237558846,Female,India,Bangalore,0.8230189660646459,0.22687873306684467,-0.8643450172207987,0.04605456284264247,-0.7968063571919376,1.0584266058100127,0.13388189424229902,0.11890224108439283,1.067103651125418,0.5618346579343271,Fitness,Afternoon,Basic,Black,Yes,0.0
-0.5460479512448121,Male,USA,Chicago,-0.8903480396585974,-0.27006987039549357,0.6403844033230026,-0.23969954507548874,0.38066776778012695,-0.742953866413774,-0.1570237976842688,0.7635670295178747,0.5539255025804781,-0.6218140718926481,Competition,Morning,Premium,White,Yes,1.0
1.1791684078030877,Female,Germany,Hamburg,1.3946265219401097,0.9097591272589249,-0.38251084970326954,0.9296169456751266,-0.7351454271668573,0.9888326092218355,0.9332253772297765,0.11890224108439283,-0.9284509915443238,-1.0493262597491286,Fitness,Morning,Premium,Black,No,0.0
-0.5460479512448121,Male,USA,Chicago,0.6406694492269971,1.957884493733524,-0.29701144231988397,1.592715343021162,1.0190034634420124,-1.248097497024327,1.6616043222784462,-0.6089708355271841,-0.4580463641611468,-1.263214282703427,Competition,Afternoon,Premium,Black,Yes,1.0
-0.47530895989914296,Other,Australia,Brisbane,-0.3844880941263273,0.9143377819879198,0.44454163980573347,0.7217003594943985,0.7878272915077547,-1.025060309202884,0.785653333585099,-1.4873095230677231,1.067103651125418,-0.05553884212963834,Missing,Evening,Basic,White,Yes,0.0
-0.616666342330344,Male,USA,Los Angeles,0.25822221667310763,0.36006273232772495,-0.28706883829999635,0.1756266373557756,0.4252769917102861,-0.24788856282124652,0.21745993922637272,1.3526725834329467,1.5094853232949899,-2.075594155115345,Fitness,Evening,Premium,Black,Yes,0.0
-0.5460479512448121,Male,Germany,Berlin,1.7341511557758738,0.4068937223505584,0.16086183014647898,0.8712542358236639,0.6181267117077455,-1.5023634787824818,0.8871625505530563,-0.6089708355271841,0.8212898586265683,-0.27032793034843017,Fitness,Morning,Premium,Black,Yes,0.0
-0.616666342330344,Male,India,Mumbai,0.4684288803237308,-0.05203964379102325,1.4853853580545133,0.7780331019982709,1.7478949209833488,-1.236265725596728,0.8688233187426858,-1.4873095230677231,1.5094853232949899,1.473462649292029,Fitness,Evening,Basic,White,Yes,0.0
0.743106604288856,Other,Australia,Melbourne,-0.7844364687953851,0.7416316461703177,0.7135600256033838,0.5885615337379223,-0.27439351362892167,-0.10448115183577891,0.6089503790425057,-0.6089708355271841,0.5539255025804781,-0.5877935090073496,Recreation,Morning,Free,White,Yes,0.0
-0.897861840447026,Other,Germany,Berlin,-0.40350546531650305,0.15293254857418215,-0.40289365378816117,-0.2663771869536942,0.7629996377631432,-0.5602950506893418,-0.15850803523682352,0.7635670295178747,1.7112650033540822,1.371159715376814,Missing,Evening,Free,Black,Yes,0.0
-1.5902402497269745,Male,Australia,Sydney,-0.25846873622817934,0.2673302577703645,-1.763343875371804,-0.6191542849841118,-0.08504223730549516,0.35950764305546284,-0.7336920378185272,0.11890224108439283,-1.5703704124405715,0.8393985149229477,Recreation,Afternoon,Basic,Black,Yes,0.0
-0.616666342330344,Male,UK,Birmingham,0.7995877400322524,-1.5288119494069365,0.6280937848954972,-0.3587471218228704,1.0190034634420124,-0.7203090615077491,-0.4625142938984184,-0.6089708355271841,1.2955080648157982,-0.6475343005805233,Recreation,Morning,Premium,Black,Yes,0.0
0.16628489065817217,Female,USA,Chicago,0.16728916876657104,-1.2951191210650115,0.44878455875616,-0.5926218600472299,-0.20573717670141722,-0.6926134100108138,-0.6017066399463413,-1.4873095230677231,-0.4580463641611468,-0.8879560719002496,Fitness,Morning,Basic,Black,Yes,0.0
1.3982008725410255,Female,Germany,Berlin,-0.059394462372137594,-0.22962097742686152,1.2311808026853377,0.37456429392828233,-1.6862576466278751,1.2565765616134517,0.41463971549529094,1.3526725834329467,0.25897267409462416,0.8652690320233615,Competition,Morning,Free,Black,Yes,0.0
-1.3153385094155594,Male,India,Bangalore,-0.18346308156555305,0.03767574096100467,-0.5274589808660362,-0.3315123889856034,0.2563320107108169,-0.7272630642928382,-0.43029664501508685,0.7635670295178747,-0.4580463641611468,-1.2001482205711158,Fitness,Evening,Basic,White,Yes,0.0
0.8155896249369979,Female,Australia,Melbourne,0.22191245257395892,-1.1011123315927114,-0.4080056546304434,-0.9256961321758292,-0.7211105668649801,0.5938667162885417,-0.7608718124353264,0.11890224108439283,-0.07297523146279654,1.3043023424645261,Recreation,Evening,Basic,Black,Yes,0.0
-0.7575273526989368,Other,USA,New York,1.2115189772540702,0.7009512009172265,1.2459781449693021,1.3715495894312673,1.7501814942872276,-1.4029353286964839,1.3501583188253763,0.7635670295178747,1.5094853232949899,0.14328994559086006,Fitness,Morning,Free,Black,Yes,1.0
-0.967821134277679,Male,Australia,Sydney,0.1307654264644915,-2.040656288368096,0.2630942778361775,-1.0640536293748122,0.6734956021425575,-0.6259014194832833,-1.037364518398155,1.3526725834329467,-0.07297523146279654,1.2798573514802423,Fitness,Evening,Basic,Black,Yes,1.0
-0.897861840447026,Male,Germany,Hamburg,0.3486381245577977,0.7297075090095265,-0.4907127353176602,0.419234961829778,0.571914879627637,-0.9803710733400091,0.34064727765043623,-1.4873095230677231,-0.07297523146279654,-1.2738999443583778,Fitness,Morning,Free,White,Yes,0.0
-0.40445261772957364,Male,Australia,Melbourne,-0.49906654584063687,-1.35111731602254,-1.6673780090993762,-2.085068051328657,0.04260425537226988,0.07335100934285521,-1.8577807271594098,-0.6089708355271841,-0.9284509915443238,-0.6561477834815415,Recreation,Afternoon,Basic,Black,Yes,1.0
0.743106604288856,Male,USA,Chicago,-0.6148451270254334,1.62577870777492,-0.12630548623044724,1.0273016808692854,-0.24465352632645607,0.7556383098820508,0.9253198857369554,0.11890224108439283,1.2955080648157982,-0.9817855052351651,Competition,Morning,Basic,Black,Missing,1.0
1.1063018754321465,Female,Germany,Hamburg,1.2402281916697884,1.2173978036869895,1.7096667208168776,1.9375452325104952,-0.8517976616119065,-0.08380378618530375,1.942926469643555,1.3526725834329467,0.8212898586265683,-2.075594155115345,Competition,Afternoon,Basic,Black,Yes,0.0
1.2521078550527232,Male,Australia,Sydney,-0.621314663047952,-1.2226291732517276,-0.7002011970380048,-1.5451271272751232,-1.3668416037788187,1.631811901343612,-1.3613607680504625,0.11890224108439283,1.067103651125418,1.2737348109226418,Recreation,Evening,Free,Black,No,0.0
1.3251190523378964,Other,India,Mumbai,0.3846650627783455,0.9211968606552471,-0.9169567719979195,0.44046296756250514,-1.8143034642184486,1.3010420312409594,0.3427268972033766,0.7635670295178747,0.5539255025804781,0.1070212447264485,Fitness,Afternoon,Basic,Black,Yes,0.0
-0.04851283305920734,Other,Germany,Hamburg,1.1482260387716468,-0.7803388904193623,0.9972279593577583,0.3275314859580362,0.3007790631761294,-1.427578513091966,0.2398263264340326,0.11890224108439283,0.5539255025804781,1.0627613707768326,Recreation,Evening,Free,White,Yes,0.0
-1.1768095690178901,Male,Germany,Missing,-0.46074549092040973,-1.1567357327759307,-0.7615452309238829,-1.4560632060501193,0.10693774208520444,-0.515507982671619,-1.271735155871,1.3526725834329467,0.8212898586265683,-0.9345019677926049,Recreation,Morning,Free,Black,Yes,1.0
1.1063018754321465,Other,India,Mumbai,-1.4003310366547574,0.5665442879660679,-1.763343875371804,-0.7569513356741036,-1.799312849746065,1.4109175402899907,-0.8526275171190351,-0.6089708355271841,-0.07297523146279654,0.6222710220046398,Recreation,Evening,Basic,Black,No,0.0
-1.4531696077757001,Male,UK,London,-0.8703926048147242,-0.42405743750309954,-1.061646336195255,-1.2162432607963896,-0.31343320982102757,0.3030195995183662,-1.1722718885880363,-0.6089708355271841,-1.5703704124405715,1.4973593974555464,Fitness,Morning,Basic,White,Yes,0.0
-0.8277624448939587,Male,USA,Chicago,-0.6927532452473395,-0.25756995386686804,-0.8876238335136836,-0.9204739513660887,0.7511189018421617,-0.5287249440530537,-1.0267746135848004,0.11890224108439283,-0.9284509915443238,1.443499352291951,Recreation,Morning,Free,White,Yes,1.0
-1.1768095690178901,Other,UK,London,-0.028552435743161925,-0.7433526973441658,-0.6344659549337888,-0.9100507825174577,0.4187478840426352,-0.16269331446826127,-0.9235151102705517,-1.4873095230677231,-0.4580463641611468,0.534794824443448,Fitness,Afternoon,Free,Black,Missing,0.0
0.16628489065817217,Male,Australia,Brisbane,-1.3290208660546878,0.31000335802581985,0.5371048175430051,0.004181498570874061,0.7749040736789374,-0.46145608416508577,0.0313857128240285,0.11890224108439283,1.2955080648157982,-1.4766035137657634,Recreation,Afternoon,Premium,Black,Yes,1.0
0.9607924151432629,Female,UK,Manchester,-0.7057973696131384,-0.13213648311582987,0.7457774463643869,-0.0253505658509101,-0.8423697527117431,0.6875902186685996,0.047784351565237894,-0.6089708355271841,-0.07297523146279654,0.642295306661227,Recreation,Afternoon,Premium,White,Yes,0.0
-0.616666342330344,Male,Germany,Berlin,-0.6277882721111184,0.3258826017236481,-0.3875968281563448,-0.19338919911673833,0.850849245456455,-0.267943447047347,-0.10645803245936405,-0.6089708355271841,0.8212898586265683,0.41858722029885836,Recreation,Evening,Premium,White,Yes,0.0
-1.5218043565792725,Female,Australia,Brisbane,-1.4003310366547574,1.9207453786100726,0.7857929624358235,1.439702776572073,0.97782716440601,-0.5619636892896985,1.3810946855343118,-0.6089708355271841,-0.9284509915443238,0.3631456533222243,Competition,Evening,Premium,Black,Yes,1.0
1.2521078550527232,Other,Australia,Sydney,0.13685882308428088,-0.7177578671742325,-0.05044980180797921,-0.5353109912543805,-1.8931205277502878,1.5605665518878207,-0.4057644437879151,-1.4873095230677231,1.2955080648157982,0.157731175463768,Fitness,Evening,Basic,Black,Yes,0.0
-1.1768095690178901,Female,UK,Birmingham,-1.2936987049459507,-2.040656288368096,-1.763343875371804,-3.301036909682285,-0.4304943448565549,0.025046172624046,-3.562673700042482,-1.4873095230677231,-1.5703704124405715,1.1316305568909557,Fitness,Morning,Basic,Black,Yes,0.0
0.598384501533626,Female,UK,Birmingham,-0.07175044278183863,0.48118136722399707,1.75778077163717,1.1011975866134502,0.011632112264040324,-0.1913837049956049,1.0095780699086463,1.3526725834329467,1.5094853232949899,0.8069292794071007,Recreation,Evening,Free,Black,No,0.0
-1.3843449426205798,Other,India,Mumbai,1.9913826265280357,-0.05203964379102325,-1.0493278795726997,0.1999220483961068,0.8167562468013393,-0.45170858985616325,0.05508445879317434,0.11890224108439283,-0.4580463641611468,-0.22348133455628427,Competition,Evening,Premium,Black,Yes,1.0
-0.26240001513565236,Female,USA,Chicago,1.0152793539517104,-2.040656288368096,-0.9644507942397189,-1.3253093113901337,0.35942676510977584,0.10006942486454887,-1.276364266559064,0.11890224108439283,1.067103651125418,0.22938732251176266,Fitness,Evening,Basic,White,Yes,0.0
0.8881520237558846,Female,UK,London,-0.4735046124740707,-0.7155486611855721,-1.1429757415343063,-1.3487123215206231,-1.2823314830251455,1.3900159954124247,-1.2284848557521424,0.7635670295178747,1.2955080648157982,-0.3655002167741536,Recreation,Afternoon,Basic,Black,Yes,0.0
0.598384501533626,Other,UK,Manchester,1.957972737412123,0.8404988688110221,1.2311808026853377,1.6678449354429827,0.5241805877274268,-0.8312579931272828,1.6786021682081014,-0.6089708355271841,1.5094853232949899,-0.878731092521281,Competition,Evening,Basic,Black,Yes,0.0
0.30995992984872417,Female,Germany,Hamburg,-1.0926322281420477,1.1830163761035593,-1.763343875371804,-0.042309238882481934,0.5241805877274268,0.35037318201772594,0.01917303947156883,-1.4873095230677231,-0.07297523146279654,-1.4529631451948273,Fitness,Morning,Basic,Black,Yes,0.0
-0.7575273526989368,Other,Australia,Brisbane,-0.4798896083883693,-1.0884608627687447,-0.9169567719979195,-1.5018290791083992,0.7195528007614148,-0.11337810532509356,-1.3326198528757498,0.7635670295178747,-1.5703704124405715,1.0186154392052211,Fitness,Afternoon,Basic,Black,Yes,0.0
-1.5902402497269745,Female,USA,Chicago,1.1193952757248822,-0.7654837560742954,-0.09295905343355051,-0.20657259156306748,0.5824716130076935,-0.02245336144547495,-0.26126412165437995,0.7635670295178747,-1.5703704124405715,1.050174043540717,Competition,Morning,Premium,Black,Yes,1.0
0.8155896249369979,Other,Germany,Hamburg,2.5203687267339427,1.373256484628374,0.5537626368378782,1.9315714110092443,-0.24949148656263084,-0.05446266410736182,2.053393618999236,-1.4873095230677231,1.067103651125418,1.0375661536222718,Competition,Evening,Premium,White,Missing,0.0
0.45399789021912035,Other,India,Delhi,0.6761011562604444,0.5615727412721764,-1.092664189988254,0.17968419919650958,0.24010363354231706,0.7579604120038373,0.2609683857536125,0.11890224108439283,-0.9284509915443238,1.3408359039432962,Competition,Afternoon,Premium,Black,Yes,1.0
0.8881520237558846,Female,India,Delhi,-0.5311023462194799,1.4247966949380553,0.12931396096501233,0.9699402845472621,-0.5199896505549157,0.69587616106624,0.9657248996462733,-0.6089708355271841,-1.5703704124405715,-0.5540739447125328,Competition,Morning,Premium,Black,Yes,0.0
0.09458826567883617,Female,UK,London,-1.4003310366547574,0.48878708792625347,-0.7447081902667371,-0.4600843287106386,0.3391906665577866,-0.28188984657404903,-0.5142471346440081,0.11890224108439283,0.8212898586265683,-2.0507611086634037,Recreation,Missing,Free,White,Yes,0.0
-0.5460479512448121,Female,UK,Birmingham,0.6406694492269971,0.5416252340591478,0.9895303719304015,0.9804125386614098,1.3178539173349397,-1.956639556389433,0.9655591105236091,0.7635670295178747,1.5094853232949899,0.33523479180403193,Missing,Morning,Premium,Black,Yes,1.0
-0.3334819986721835,Male,India,Bangalore,0.14294976624323358,0.8195038860846419,0.11119238803902796,0.662933242449842,0.8881666764589037,-0.4810246936755656,0.6420215015075572,-0.6089708355271841,1.2955080648157982,-0.5962699709810306,Fitness,Morning,Basic,Black,Yes,0.0
-1.5902402497269745,Male,UK,Manchester,0.6878966798223635,-0.6960072331458607,0.20112161434130257,-0.18681177773943822,-0.030182401300747203,-0.7203090615077491,-0.1927775200978859,1.3526725834329467,-1.5703704124405715,-0.878731092521281,Fitness,Morning,Premium,White,No,1.0
-1.3153385094155594,Male,USA,Missing,-0.9303996784842123,-1.1138318058398409,-0.11198327404661673,-1.2703524964000514,0.19708828704487977,-0.6633960342374844,-1.2605759328485977,0.7635670295178747,-0.4580463641611468,0.8199346136691847,Recreation,Evening,Free,White,Yes,0.0
-0.11991287048315613,Other,UK,Manchester,-1.0653540002479063,0.5863698304353362,0.37187553246881017,0.22409862030575362,0.9634777051611123,-0.5602950506893418,0.23768083759056127,0.11890224108439283,1.2955080648157982,-0.09320696334202332,Fitness,Evening,Basic,Black,Yes,0.0
0.022988302149390624,Female,Australia,Melbourne,-0.7450354691718479,-0.7470287251176879,-1.0005434746437825,-1.3989813264557385,-0.12760045293776115,0.20229526114879778,-1.2670497225864201,0.11890224108439283,-0.4580463641611468,-0.4382685859829384,Fitness,Morning,Premium,White,Yes,0.0
1.3982008725410255,Other,UK,London,1.2574358789202555,1.9817082299937052,0.2100230097696887,1.9435136821752788,-0.971442184406462,1.3833355808754872,2.0343515332744366,0.11890224108439283,0.5539255025804781,1.1378615810239603,Competition,Afternoon,Premium,Black,Yes,1.0
1.544572051050417,Male,Germany,Hamburg,-1.4003310366547574,-0.19578422299619538,-1.763343875371804,-1.5265003817857623,-1.8608800738470277,2.0354323916096977,-1.5473743720420918,-1.4873095230677231,-0.4580463641611468,0.8523453191083021,Fitness,Afternoon,Premium,Black,Yes,0.0
0.9607924151432629,Female,USA,Chicago,-0.6732194241004363,0.5814224969409876,-0.5966622725697017,-0.07855087517604033,-1.0304876916349532,1.1851127421215712,-0.10481381621040778,0.7635670295178747,1.2955080648157982,0.041122474790000564,Recreation,Evening,Basic,Black,No,1.0
0.8881520237558846,Other,Germany,Munich,0.3125322556393935,1.4063045914300927,0.8728565355422797,1.4799140275231244,0.032256556551189246,0.6685744015507661,1.47694533734316,-0.6089708355271841,-0.9284509915443238,-0.6734361096658676,Competition,Evening,Basic,White,Yes,0.0
0.8881520237558846,Female,Germany,Munich,-1.2445936704563048,-0.6211861368803719,0.5993079326577729,-0.6312708028848024,-1.04736506731671,0.505014319976682,-0.6255980892849989,0.11890224108439283,1.067103651125418,0.774311663988102,Competition,Evening,Free,Black,Yes,1.0
-1.3843449426205798,Other,Australia,Melbourne,-0.5503691775283155,0.19146071598912762,0.34165252020700243,0.05854533242683758,1.1021465619660045,-0.3969311219650943,0.13841366773865432,0.11890224108439283,-0.4580463641611468,0.04848462606552469,Recreation,Evening,Basic,Black,Yes,1.0
0.8881520237558846,Female,USA,New York,1.4799578821403858,0.04338542849414539,1.6368737044943815,1.2111532886142402,-0.35756771285327954,0.42023256599559095,1.2142696250414675,-1.4873095230677231,0.8212898586265683,0.774311663988102,Competition,Evening,Basic,Black,Yes,1.0
-0.40445261772957364,Male,USA,New York,0.8347240223981044,2.3912494208861776,0.03338714092318422,2.1157784112975304,1.6818712577100083,-0.8960521858806129,2.1169646456954796,-0.6089708355271841,-0.07297523146279654,-0.8058826563481539,Competition,Afternoon,Premium,Black,Yes,1.0
-0.5460479512448121,Male,USA,Los Angeles,0.5161110603110536,-0.18661636790300024,-0.8125554151951435,-0.36102430016748704,0.3511387435207991,-0.21418936795694973,-0.38699641667780776,0.7635670295178747,-0.9284509915443238,1.556819291961057,Recreation,Evening,Basic,White,Missing,1.0
1.2521078550527232,Female,USA,Chicago,-0.4225538666230824,1.494037908686464,1.5067265640288339,1.6288261003863866,-1.026092621455988,0.5112591317771035,1.7360255966181808,1.3526725834329467,1.067103651125418,-1.5249113799247944,Competition,Morning,Premium,Black,Yes,1.0
-0.40445261772957364,Other,USA,Chicago,-1.4003310366547574,-0.04325519764587302,-1.763343875371804,-1.372275997721929,0.262657427590968,0.02790532157184766,-1.259660240411318,-1.4873095230677231,0.25897267409462416,0.026367453629325684,Recreation,Morning,Premium,Black,Yes,0.0
-0.11991287048315613,Male,Australia,Sydney,0.5161110603110536,-1.4380145931463562,0.3156028887237105,-0.6022504371003884,-0.07160264183738493,-0.4274464494856219,-0.5943864897556316,0.7635670295178747,0.5539255025804781,0.6622603206671145,Recreation,Afternoon,Basic,Black,Yes,0.0
-1.5218043565792725,Male,UK,London,0.032930456484878586,-1.2813439697268956,1.004915716728209,-0.31795769514200034,0.2131746701420177,-0.47939021308263086,-0.3940102311291168,1.3526725834329467,-1.5703704124405715,-0.8512180548925868,Fitness,Morning,Free,Black,Yes,1.0
-0.19120943052252162,Male,Germany,Hamburg,-0.5761122608176779,-0.5482780750907881,0.9702431103102865,-0.13886389744395033,0.1665386177428483,-0.3857491497143955,-0.16612694340961012,0.11890224108439283,0.8212898586265683,-0.2860502408206421,Fitness,Afternoon,Free,White,No,0.0
0.8881520237558846,Female,USA,New York,1.6891520677307088,1.4350401467261262,0.8096682361768726,1.845852162073773,-0.07244384795282462,-0.12378474644462925,1.9229134591448702,0.11890224108439283,1.5094853232949899,1.094140682353787,Competition,Afternoon,Basic,White,Yes,0.0
1.4713522244494153,Female,UK,Birmingham,-0.8903480396585974,0.32059688068835673,0.5454401941285516,0.1491704654922549,-1.4555295474614391,1.2645279012658013,0.24405196231962611,-0.6089708355271841,-0.9284509915443238,1.3590432467441718,Competition,Morning,Free,Black,Yes,0.0
1.1063018754321465,Other,UK,Manchester,0.02679403362670602,-0.2482267600091378,-0.29203716021145576,-0.36786292435611184,-1.4855185759997123,0.9199276525733774,-0.33971227564702566,1.3526725834329467,1.067103651125418,0.11429413228066668,Recreation,Evening,Premium,White,Yes,0.0
1.691213061789767,Other,Germany,Berlin,0.8989778003833686,-0.3621936553428139,2.301397946784666,1.1522022545571922,-1.5389752905788088,1.4578970833677511,1.1968366963983357,0.11890224108439283,0.25897267409462416,0.466695566513068,Competition,Morning,Premium,White,No,0.0
1.1063018754321465,Other,Australia,Missing,0.06357371803876354,-0.16229262750808732,0.8017208560153185,0.23614287848953197,-1.1497027247600358,0.6072412589775755,0.20842733057337126,0.11890224108439283,1.2955080648157982,-0.45461146490026344,Recreation,Morning,Basic,Black,No,0.0
0.38193446442781964,Female,India,Mumbai,-1.0653540002479063,-1.6569671500593937,0.28065864830833565,-1.4049445211611429,-0.6678964112475648,0.2415792010521695,-1.3624769706923896,-0.6089708355271841,-1.5703704124405715,0.6222710220046398,Recreation,Afternoon,Free,Black,Yes,0.0
0.16628489065817217,Female,India,Mumbai,0.8230189660646459,1.335807387830277,0.3933544153207137,1.374812279862666,1.028304442337697,-0.742953866413774,1.458877780104923,0.7635670295178747,-0.9284509915443238,-0.6821113833230963,Competition,Morning,Free,White,Yes,1.0
-0.19120943052252162,Other,UK,Manchester,-0.09649572015397123,0.7344812014764225,0.12931396096501233,0.5283073001987838,0.6132952937161136,-0.6977917320386781,0.5029002999325194,0.11890224108439283,0.5539255025804781,0.17932337360886208,Recreation,Afternoon,Premium,Black,Yes,1.0
-0.47530895989914296,Other,Germany,Munich,1.3661131020483512,-0.12014981131261683,0.2542887006238692,0.43853674673751053,0.8881666764589037,-1.1717776107681621,0.5284966871100683,-1.4873095230677231,1.5094853232949899,-0.9157979055835732,Fitness,Evening,Basic,White,Yes,0.0
-0.5460479512448121,Female,India,Mumbai,1.2402281916697884,-2.040656288368096,0.4910259069116867,-0.4577546917305365,0.4891219498177018,-0.45170858985616325,-0.47202588587939875,-1.4873095230677231,-1.5703704124405715,0.787376706609027,Competition,Evening,Free,Black,Yes,0.0
0.5261484614349969,Other,UK,Manchester,-0.7253964079088369,-1.1524095508091314,0.363258673589439,-0.9204739513660887,-0.7133634729905605,0.3215101836894481,-1.0117361406073186,0.7635670295178747,-0.07297523146279654,0.06317851909840827,Fitness,Evening,Basic,Black,Yes,0.0
-1.0376356159090647,Male,Australia,Brisbane,-0.8306180224179479,1.700116470817141,1.374023953304913,1.6350852458693061,1.76391478817758,-1.1408632912443857,1.7156601758095493,1.3526725834329467,-0.9284509915443238,-1.8109624399161055,Competition,Morning,Free,Black,Yes,1.0
0.5261484614349969,Female,India,Bangalore,-0.214662263969566,0.00610540730718408,-0.10721953629620272,-0.18024381859685906,-0.39731410908321924,0.3673183960790035,-0.31255873591367955,-0.6089708355271841,1.5094853232949899,0.6155829550110143,Recreation,Afternoon,Premium,Black,Yes,0.0
-0.6871606925777262,Other,UK,Manchester,-0.18346308156555305,1.4411926522273988,1.9437441239599758,1.8820805204896573,1.0791771312067384,-2.7989499154809865,1.8999220459939927,-1.4873095230677231,0.25897267409462416,0.9614785685475064,Competition,Evening,Premium,White,Yes,1.0
0.9607924151432629,Female,UK,Birmingham,0.8989778003833686,-0.603659100954772,-1.444273864564338,-0.7494494833840426,-0.9675842299469872,1.0136295698760112,-0.773177991107794,-1.4873095230677231,1.2955080648157982,0.32823684190375607,Fitness,Afternoon,Basic,Black,No,0.0
-1.5218043565792725,Male,USA,Chicago,0.3065068342012335,-0.12613779238196438,0.5786530489811432,0.2261080243562873,0.057303983479159784,-0.12080846180898894,0.2577562825619921,0.7635670295178747,-0.9284509915443238,-1.8755712664894333,Recreation,Afternoon,Premium,Black,Yes,1.0
1.617859327933322,Female,Australia,Brisbane,1.980250609641328,1.1244177532876785,1.2717912855295206,1.8850905555082749,-1.7460020625222503,1.5188200333658652,1.9532535194805916,1.3526725834329467,-0.07297523146279654,-0.04054971628376928,Competition,Evening,Free,White,Yes,0.0
-0.6871606925777262,Female,USA,New York,0.40863987677466496,0.011866686194915163,1.1865806043715559,0.6499923815458967,1.5370144516075321,-1.9892510465453979,0.522046795138538,1.3526725834329467,0.5539255025804781,1.2553398507414775,Missing,Evening,Premium,Black,Yes,1.0
0.6707043991410716,Female,Germany,Hamburg,2.3891939941360665,1.2706225201411374,1.3376965810235224,2.1201382147045225,-0.11012819499772962,-0.1717298166021298,2.241674071647054,0.7635670295178747,-1.5703704124405715,0.8329163968252197,Competition,Afternoon,Basic,Missing,Yes,1.0
0.8155896249369979,Female,USA,Chicago,0.3366116767723158,-0.8329904284456437,-0.2475339153458174,-0.6288446585534877,-1.3695024845723813,0.7264756946892693,-0.6453186562872456,-1.4873095230677231,0.5539255025804781,0.33523479180403193,Fitness,Evening,Basic,White,Yes,0.0
1.1063018754321465,Male,USA,Los Angeles,0.8814746875258723,-0.008339596948052157,0.06099606384390611,0.26413345386430936,-0.9707996008567878,0.9243459966968425,0.33874411171562235,-0.6089708355271841,0.5539255025804781,-0.3896186366559858,Fitness,Afternoon,Basic,Black,Yes,1.0
1.691213061789767,Female,India,Bangalore,-0.7253964079088369,1.3649593784149083,-0.34708761101894764,0.6868842681972767,-1.9158753680028267,1.7952716053892641,0.6678091215233204,-1.4873095230677231,0.5539255025804781,0.41858722029885836,Competition,Afternoon,Free,Black,No,0.0
-0.26240001513565236,Female,UK,London,0.25822221667310763,-0.638821534907141,-0.19863101873026323,-0.509301665023287,0.40013768787318743,-0.10744444687226214,-0.4550536382722925,1.3526725834329467,0.5539255025804781,-0.4057732347518708,Missing,Evening,Free,Black,Yes,0.0
-1.5218043565792725,Other,Australia,Sydney,-1.4003310366547574,0.630628517783573,-0.017662899187842238,-0.016894022872845155,0.2726136403528417,-0.758706307875948,-0.10934359346624345,-1.4873095230677231,-1.5703704124405715,0.6356271688541728,Recreation,Morning,Free,Black,Yes,0.0
1.2521078550527232,Female,USA,Los Angeles,0.6051691814726464,0.2619619528532252,1.5421463587003041,1.044571285182467,-1.1161026230561264,0.6350381427370558,1.0967650410541794,-0.6089708355271841,0.5539255025804781,-0.9627802581682038,Fitness,Evening,Free,Black,Yes,0.0
-0.3334819986721835,Other,Australia,Sydney,-0.37182687823213695,-0.9314456537346103,-1.763343875371804,-1.774273149008872,-0.03357842376784202,-0.10152020903122898,-1.557121937443549,0.11890224108439283,0.25897267409462416,0.6356271688541728,Recreation,Morning,Free,Black,Yes,0.0
0.9607924151432629,Male,USA,New York,0.07581306114556544,0.437803955649731,-0.30697798635826945,0.16750145621259982,-0.5184917968805537,0.694693697621157,0.23927309123221352,-1.4873095230677231,-0.9284509915443238,1.515239370005551,Fitness,Afternoon,Premium,Missing,Yes,1.0
-0.40445261772957364,Male,Germany,Hamburg,0.07581306114556544,0.8101398987516414,0.7175973083129247,0.8890039717817496,0.5270330486800382,-1.1063555615106,0.7737768106966062,0.7635670295178747,-0.07297523146279654,-1.6938313092706982,Competition,Afternoon,Free,Black,Yes,1.0
-0.5460479512448121,Male,USA,Chicago,1.3832253808029722,-0.4109297369977109,-0.5327374224556427,-0.07641123354868662,0.9216399408725238,-1.023188563462964,-0.11073056918621539,0.11890224108439283,1.5094853232949899,-0.770059677608464,Fitness,Morning,Free,Black,Yes,1.0
-1.3843449426205798,Male,India,Mumbai,-0.2209111415267584,-0.8178405198228224,1.1828496635525425,-0.059329239913601034,0.7343284277210568,-1.1717776107681621,-0.035110184168878344,0.7635670295178747,-0.07297523146279654,0.28607594820706395,Fitness,Afternoon,Premium,Black,Yes,1.0
-0.8277624448939587,Other,UK,Missing,0.3426260002326643,0.06329692969015889,-0.4285197302929091,-0.08069149733009533,0.510888676563859,-0.15668103509130837,-0.2035553839449171,0.7635670295178747,-0.4580463641611468,0.7086191026206251,Competition,Morning,Free,Missing,Yes,1.0
0.38193446442781964,Female,Germany,Munich,-0.12749066136540974,-1.5082701225476887,-0.41824941902587276,-1.334066818637386,-0.6678964112475648,0.18180618472282042,-1.2827488444294513,0.7635670295178747,-0.07297523146279654,1.556819291961057,Recreation,Morning,Basic,White,Yes,1.0
-1.1768095690178901,Male,USA,Chicago,0.8989778003833686,-0.8558798553349398,0.4868169991476227,-0.059329239913601034,1.0427991462717983,-0.9434972328420179,0.02911317000724916,-1.4873095230677231,0.5539255025804781,-0.3655002167741536,Fitness,Afternoon,Free,White,Yes,1.0
-0.6871606925777262,Female,Australia,Sydney,1.4856356562773567,0.18323875545656484,1.122850320509525,1.0566292994127209,1.2451849407030493,-1.4898092741140871,1.0388925662586133,1.3526725834329467,0.8212898586265683,-1.9853420125315175,Fitness,Morning,Free,Black,Yes,0.0
0.8155896249369979,Other,Germany,Munich,0.039064276913565364,1.2366276306165958,-0.30697798635826945,0.8086819488374074,-0.22848432856395567,0.854058327225291,0.6940006607650757,-0.6089708355271841,1.5094853232949899,-1.372594324212161,Recreation,Evening,Basic,Black,Yes,0.0
-1.3153385094155594,Other,USA,New York,-0.13990862397899692,-0.45380323691590263,-0.5327374224556427,-0.6923942421218505,0.3825189218738296,-0.5453091164741753,-0.6222486405600999,1.3526725834329467,-0.07297523146279654,-1.1898026750361959,Fitness,Afternoon,Basic,Black,No,1.0
-0.47530895989914296,Male,Germany,Hamburg,-1.4003310366547574,0.8544391921737232,2.0957566322274594,1.1910077553508913,0.5680810026272117,-1.5402451420542411,1.2137535076803068,-1.4873095230677231,-1.5703704124405715,1.431484978938146,Competition,Afternoon,Basic,Black,Yes,1.0
1.3251190523378964,Female,Australia,Brisbane,-0.5311023462194799,0.5265995743097791,0.3025273658301014,0.3058282539254826,-1.0832172369565036,1.4727789908420947,0.2811690434533724,0.7635670295178747,0.25897267409462416,-0.5373234640517998,Fitness,Morning,Free,Black,Missing,0.0
0.598384501533626,Female,Germany,Munich,-0.5825578007682746,1.2854193181961282,-1.0370590405812437,0.4211683904249827,-0.40583093745016885,0.7112106302671092,0.5055234542584623,-0.6089708355271841,-1.5703704124405715,-1.1898026750361959,Competition,Morning,Basic,Black,No,0.0
-0.967821134277679,Female,Australia,Brisbane,-1.4003310366547574,-1.0180029964988786,-1.763343875371804,-2.3604118888118752,0.06250345656456661,-0.3366159041862147,-2.262613051902209,0.11890224108439283,1.5094853232949899,-0.09320696334202332,Recreation,Morning,Basic,White,Yes,0.0
1.3982008725410255,Other,USA,Los Angeles,-0.13990862397899692,0.08027536355184109,-1.763343875371804,-0.7394687537355171,-1.6687447180034685,1.5990721975614532,-0.6166209202722653,1.3526725834329467,-1.5703704124405715,-1.721918573105637,Recreation,Morning,Premium,Black,Yes,0.0
-0.47530895989914296,Male,UK,Manchester,-1.4003310366547574,-0.3718796725501033,-0.7784645058517072,-1.2531756484481802,0.6094331207091715,-0.1762562271508296,-1.1278291778323353,1.3526725834329467,0.5539255025804781,0.6689022862210927,Recreation,Evening,Basic,Black,Yes,1.0
-1.3153385094155594,Other,Germany,Berlin,0.27030701178425526,0.23500422854464917,0.31124816338223427,0.3432574496752617,1.4606591217086942,-0.3318942823633389,0.25978136460940293,-0.6089708355271841,0.25897267409462416,-1.3613878874033472,Recreation,Evening,Basic,White,Yes,1.0
1.544572051050417,Other,UK,London,0.2763459811908612,-0.7580866835167623,0.6933298361895828,-0.12155141641999001,-2.0099697475451306,1.6615820875700142,-0.03966739466701249,-1.4873095230677231,-0.4580463641611468,-1.500578964352592,Fitness,Afternoon,Premium,Black,Yes,0.0
1.3251190523378964,Female,Australia,Brisbane,0.4146282463538743,-1.3369795811231782,-1.6830699281684147,-1.5764119080862597,-1.5761512522334031,1.6414761962604112,-1.48601078055081,0.11890224108439283,-1.5703704124405715,0.8588100506975358,Fitness,Morning,Premium,Black,Yes,1.0
-1.0376356159090647,Other,Germany,Munich,0.12466956806738248,0.3285227156185449,0.5078281334241252,0.45392649872976676,1.21180859317839,-1.4461538321942788,0.5030893475009982,-0.6089708355271841,0.25897267409462416,-0.5373234640517998,Recreation,Morning,Free,Black,Yes,1.0
0.6707043991410716,Female,India,Delhi,-1.0313959142156668,-1.6848298899433793,-0.39778820164465695,-1.8661215605880979,-0.8944882248435617,0.8653155974363459,-1.74581147149483,0.7635670295178747,1.2955080648157982,-1.5126990848698914,Recreation,Afternoon,Premium,Black,Yes,0.0
0.8881520237558846,Male,UK,London,-1.4003310366547574,-0.6106570400681743,-0.9110690017265523,-1.5326974462920175,-0.9339019827493059,1.231597890410115,-1.3170684093866725,0.11890224108439283,1.2955080648157982,0.43925032522385243,Recreation,Morning,Free,Black,No,0.0
0.8881520237558846,Female,Germany,Berlin,-1.1063096651990967,-0.40112073714937574,0.9547684063056681,-0.22641967338553567,-0.639138800783375,0.267085212943819,-0.2068941324103948,1.3526725834329467,-1.5703704124405715,0.8910478995948449,Fitness,Morning,Premium,Black,Yes,1.0
-1.0376356159090647,Female,Germany,Berlin,-1.4003310366547574,0.8288475822481396,-0.06929288741011509,0.13281840801333222,1.4849190731225343,-0.7727605310017328,0.1443969414167523,1.3526725834329467,1.2955080648157982,0.9869259761941057,Recreation,Morning,Free,Black,Yes,1.0
-0.6871606925777262,Other,UK,Manchester,-1.1268748767398906,1.3106793412856055,2.0990274715692205,1.5958636205703176,1.0521342157146563,-1.9404211584946442,1.6156229174675183,1.3526725834329467,-1.5703704124405715,0.787376706609027,Competition,Afternoon,Free,White,Yes,1.0
0.09458826567883617,Male,India,Missing,-0.9170279551647796,-0.6247044830223929,-1.0802185898283876,-1.4139091058374376,-0.1458270767262445,0.44448544779464494,-1.4292326651595386,-1.4873095230677231,0.25897267409462416,-0.8603624286587989,Recreation,Morning,Premium,White,Yes,0.0
-0.616666342330344,Male,India,Bangalore,1.7678480463049075,0.30469549442122923,1.194035860861033,1.2512403772061311,2.130515498514784,-1.3947522076146726,1.1580470138460384,1.3526725834329467,1.067103651125418,-1.2419967760205868,Competition,Afternoon,Basic,Black,Yes,1.0
-1.2461577669060369,Male,Australia,Melbourne,0.6996847472527414,1.7734071942862126,-4.9129968131059085,0.5631011416585257,1.6875411016365516,-3.2003363978957173,0.5720231762422058,0.7635670295178747,-1.5703704124405715,-1.0689324344593898,Competition,Morning,Premium,Black,Yes,1.0
1.3251190523378964,Female,Germany,Hamburg,0.08192891964291175,1.045110245424923,-0.29203716021145576,0.6684698319022159,-1.3790478963443185,1.514247323002233,0.6567450281610461,0.7635670295178747,1.2955080648157982,-1.3062781116530329,Recreation,Evening,Free,Black,Yes,1.0
0.38193446442781964,Female,UK,Birmingham,-0.5954607442343269,1.2959605007529473,-0.16472883599975296,0.7308255962470434,0.6774012121248394,0.40611419755549566,0.708271908243267,0.11890224108439283,-1.5703704124405715,-0.770059677608464,Competition,Evening,Premium,White,Yes,1.0
-0.616666342330344,Male,Australia,Melbourne,0.48036169992451644,-0.5311851995844907,-0.2475339153458174,-0.3747122206879955,0.5690392251233203,-0.18683907679881676,-0.3823333569391377,1.3526725834329467,1.2955080648157982,-0.8695333276267577,Recreation,Evening,Free,Black,Yes,1.0
0.38193446442781964,Other,UK,Birmingham,0.22796989187224279,0.41722432294533784,-0.569894282869101,0.097886950061234,-0.3833346784827219,0.505014319976682,0.011895816159283758,1.3526725834329467,-1.5703704124405715,-1.7654498674538976,Fitness,Evening,Free,Black,Yes,0.0
-1.3843449426205798,Female,Germany,Berlin,0.330595147409341,-1.1332449560307198,0.7658204199602798,-0.33603985790787244,0.27442599761360253,-0.9197058687638167,-0.2997523401567628,-0.6089708355271841,-1.5703704124405715,1.1565253561976316,Fitness,Afternoon,Basic,Black,Yes,1.0
-0.40445261772957364,Female,India,Mumbai,0.3906619794141655,-0.17443212121067866,0.010253039984423153,-0.04443337162117702,1.2288378264728366,-0.3969311219650943,-0.015099655821305397,-1.4873095230677231,1.5094853232949899,-0.6303676484819012,Fitness,Afternoon,Basic,Missing,Yes,0.0
1.4713522244494153,Female,USA,Missing,1.536674871784405,0.3679074091142588,0.6198847139501085,0.9734331748131715,-1.5212143527611044,1.607956325154195,0.9336269323246686,0.11890224108439283,-0.4580463641611468,1.2859753602839994,Fitness,Morning,Free,Black,Yes,0.0
1.1063018754321465,Male,India,Bangalore,0.5101579138094882,1.2259540580316879,-1.4020548575054081,0.5979147449284162,-0.5468389067313653,1.3900159954124247,0.6622427310464702,1.3526725834329467,-0.4580463641611468,-0.6303676484819012,Competition,Evening,Premium,Black,Yes,1.0
-0.5460479512448121,Male,Australia,Sydney,-0.3276180227252778,0.44293202683331967,0.44878455875616,0.3706614289022304,1.2033097928403025,-1.2342969791237948,0.3790667334181729,-0.6089708355271841,-1.5703704124405715,-0.7082643147431725,Recreation,Afternoon,Free,Black,Yes,0.0
-0.897861840447026,Male,USA,Chicago,-0.4862782508626594,-0.01703550731642244,-1.2006372988051792,-0.7669756937492085,0.3355199247948568,0.15016175463787257,-0.6909699044083345,-1.4873095230677231,1.2955080648157982,1.4614897196502172,Recreation,Morning,Free,Black,No,1.0
-0.6871606925777262,Male,Australia,Sydney,-0.8770392931698869,-1.3369795811231782,-1.1812874728480047,-2.0332840773788186,0.29349544444549436,-0.1762562271508296,-1.926113118210385,0.11890224108439283,-0.9284509915443238,0.588763376555389,Recreation,Morning,Premium,Black,Missing,0.0
-1.4531696077757001,Male,Germany,Munich,0.0022221310936303817,1.1743814831163402,-1.763343875371804,0.2959322286395747,0.2653707859691208,-0.32246846944201796,0.1511805612313182,0.11890224108439283,-0.9284509915443238,-1.4296382459604338,Fitness,Afternoon,Premium,White,Yes,1.0
1.3251190523378964,Other,USA,Chicago,0.18551835909504968,-0.878971433514775,1.8530480452915568,0.4250330752516957,-1.545162697776466,0.6157251714364557,0.4855948637998493,1.3526725834329467,1.2955080648157982,0.12155739077655187,Fitness,Evening,Premium,Black,Yes,1.0
1.0335094624552033,Other,Australia,Brisbane,1.3604061795255213,0.5240898276795302,-0.4698712819555765,0.5941754310730135,0.39828028571274043,1.115121595817069,0.645071393940466,0.11890224108439283,1.067103651125418,1.479442956808049,Recreation,Morning,Premium,Black,Yes,0.0
1.544572051050417,Male,Germany,Berlin,-1.4003310366547574,-2.040656288368096,0.915904556145996,-1.2760968292437624,-1.8000685464877428,1.6176983674969745,-1.3193706495123554,-0.6089708355271841,-0.9284509915443238,-0.42198953554639523,Fitness,Evening,Free,Black,Yes,0.0
1.3251190523378964,Female,India,Delhi,-1.1889375366481056,-0.16229262750808732,0.038000063777743655,-0.5806173150478854,-1.4377650274030074,1.224568129968262,-0.6101360143085166,0.11890224108439283,-0.07297523146279654,0.39785514901222374,Recreation,Evening,Free,Black,Yes,0.0
-0.40445261772957364,Male,Germany,Berlin,-1.0721641006964193,0.549117096720141,-0.9525110011494732,-0.3792843717407246,0.3815932626176023,-0.07644675594756392,-0.34641767700260157,0.7635670295178747,-1.5703704124405715,-1.1185945242619348,Recreation,Evening,Basic,Black,Yes,0.0
-0.26240001513565236,Other,UK,London,-0.5246876774124288,-1.3844790996377467,-0.37235816820629597,-1.4169026066383212,0.7918092623551171,0.007844414124255876,-1.2809522355486829,-0.6089708355271841,-1.5703704124405715,1.175145535354102,Recreation,Morning,Free,White,Yes,0.0
0.09458826567883617,Other,Germany,Munich,-1.4003310366547574,-0.3333146525568788,-0.32197312875535256,-0.980963425295497,0.39549541566926644,0.1543050393631695,-0.8422760077371096,-1.4873095230677231,-0.07297523146279654,1.3043023424645261,Recreation,Evening,Premium,Black,Yes,0.0
1.0335094624552033,Female,Germany,Munich,0.5814636907913174,-0.8216198753758854,-0.4907127353176602,-0.6361273700583123,-0.7358454507874369,0.9572949393781564,-0.7275072381413561,-1.4873095230677231,-0.9284509915443238,0.6356271688541728,Recreation,Morning,Basic,White,No,0.0
-0.7575273526989368,Other,UnknownLand,London,-0.8770392931698869,0.06613230958774256,-0.05515315843827133,-0.33830533234367405,1.4058195685134154,-0.4712280866462335,-0.3662632667629545,1.3526725834329467,-0.4580463641611468,0.5280172668907478,Recreation,Evening,Premium,Missing,Yes,0.0
-1.3843449426205798,Male,Australia,Melbourne,-1.4003310366547574,0.216016986976454,0.17879648579935653,-0.27307141330501,-0.05136443724422893,-0.9970728229199718,-0.39045684382714985,1.3526725834329467,-0.9284509915443238,-1.2001482205711158,Recreation,Morning,Free,Missing,Yes,1.0
-0.6871606925777262,Female,Australia,Sydney,-1.4003310366547574,-1.3416816965398775,0.37187553246881017,-1.3020637512551663,0.05990298085033939,-0.8978668401805718,-1.262496685100778,0.7635670295178747,1.2955080648157982,0.215128077504045,Fitness,Evening,Basic,Black,Yes,0.0
0.6707043991410716,Male,Germany,Hamburg,-0.990843548760346,-1.5391651591031796,-1.2927540732594685,-2.3192080320999615,-1.1526778196467697,0.86306720681747,-2.2754492479449815,-1.4873095230677231,-0.9284509915443238,1.0375661536222718,Recreation,Afternoon,Premium,Black,Yes,0.0
0.30995992984872417,Male,UK,London,-0.6862376800807163,-0.7360154583577717,1.0470245849403896,-0.25079602254224903,-0.31976963367238775,-0.05738636430860199,-0.16321435195143055,-1.4873095230677231,-0.07297523146279654,0.9551032413397593,Recreation,Evening,Basic,White,Yes,0.0
0.9607924151432629,Female,UK,Birmingham,1.0384608526753343,-0.10224955460452481,-0.6507878594403187,-0.042309238882481934,-0.8732267230145576,0.9496364877141739,-0.0567167367522059,-1.4873095230677231,-1.5703704124405715,1.175145535354102,Fitness,Evening,Basic,White,Yes,0.0
-1.1073002361975683,Male,India,Mumbai,1.0674016167680822,0.24041137922092864,-0.11675216539576017,0.4288948689653113,0.6734956021425575,-1.2185799602723844,0.48558713225007566,-1.4873095230677231,0.8212898586265683,-1.41808850828621,Fitness,Morning,Free,White,Yes,0.0
-2.81927495261586,Other,Australia,Melbourne,1.790287951974602,-2.040656288368096,-0.6946770239446143,-0.8276574698602465,-1.4730944343004522,1.7423572939881489,-0.9283138290123634,0.11890224108439283,0.5539255025804781,-0.26248704576728354,Fitness,Morning,Premium,White,Yes,0.0
0.743106604288856,Male,USA,Chicago,-0.17100427904459886,-1.7652814313570087,0.15186935754201147,-1.1462750284683316,-0.33083311304967766,0.6326299959691799,-1.17220195907274,-0.6089708355271841,1.5094853232949899,-2.1351483843670693,Recreation,Evening,Basic,White,Yes,1.0
1.4713522244494153,Female,Australia,Melbourne,-0.9706453865292136,1.2408903281087116,0.8334447398352853,0.9908656010014714,-1.5313222431139417,1.611502574718401,0.9306572484830514,-0.6089708355271841,-0.9284509915443238,0.39092895704895847,Competition,Afternoon,Basic,Black,Yes,1.0
1.544572051050417,Female,Australia,Melbourne,-0.9706453865292136,1.2408903281087116,0.8334447398352853,0.9908656010014714,-1.5313222431139417,1.611502574718401,0.9306572484830514,-0.6089708355271841,-0.9284509915443238,0.39092895704895847,Competition,Afternoon,Basic,Black,Yes,1.0
-1.3153385094155594,Female,Australia,Brisbane,2.185463428616402,-0.09927539200833911,0.39763942999588237,0.7852599233156636,1.6524545259151942,-0.36348212296056204,0.7427181146611959,0.7635670295178747,-0.4580463641611468,-0.22348133455628427,Competition,Afternoon,Premium,Black,Yes,1.0
-1.3153385094155594,Female,India,Bangalore,0.3245764053370526,1.1483805010493715,-1.7228171858828925,0.39014605277098874,1.289847260087407,-0.4113557213181946,0.43573082658601336,0.11890224108439283,-0.9284509915443238,-0.10835388714255048,Fitness,Morning,Basic,Black,Yes,1.0
0.5261484614349969,Male,USA,New York,1.5253422240534742,-1.4778560635217026,0.00561220943826318,-0.3724279330567258,-0.49292796779068215,0.04074400352614818,-0.41150153360989894,-1.4873095230677231,0.5539255025804781,0.7152163284139773,Competition,Afternoon,Basic,Black,Yes,1.0
1.544572051050417,Female,India,Missing,-1.4003310366547574,-1.1053445458171205,1.7987642400444974,-0.2286302787442087,-1.5550827596452512,1.1492802913217464,-0.31856767037249367,-1.4873095230677231,0.5539255025804781,-1.707788475297589,Fitness,Evening,Basic,White,Yes,0.0
-1.0376356159090647,Female,USA,New York,0.4146282463538743,0.889095986426468,-1.1366394676311737,0.35306151551166887,0.8047688554742602,-0.11783454552526323,0.2237113626963431,1.3526725834329467,-0.07297523146279654,1.0690473691621716,Recreation,Morning,Premium,Black,Yes,1.0
1.3251190523378964,Male,Germany,Berlin,0.9106380317250713,-0.30469850308697244,-1.423075337530441,-0.5187411499084527,-1.6887975932122208,1.4250873618413147,-0.6321854051245313,1.3526725834329467,-0.9284509915443238,0.7677700714637373,Competition,Evening,Premium,Black,No,0.0
0.598384501533626,Other,USA,Los Angeles,0.36666136981384556,0.03195677668670276,0.6444751775205358,0.3882009229602617,-0.19921435879403893,-0.22640893312922827,0.4230387585471802,0.7635670295178747,-1.5703704124405715,-1.6664009036202592,Recreation,Morning,Premium,Black,Yes,1.0
0.6707043991410716,Male,India,Mumbai,-1.4003310366547574,-0.7470287251176879,0.5496030278879014,-0.7997297871406621,-0.6499536196171063,0.4125386918084734,-0.7953714176192611,-1.4873095230677231,1.067103651125418,-0.03307160661764249,Competition,Morning,Premium,Black,Yes,0.0
-1.4531696077757001,Female,Australia,Sydney,0.19158996773961012,-0.07557561240515272,1.4245473906317465,0.6481411459637862,0.7136529176886248,-1.435824337341888,0.6152856785640283,0.7635670295178747,-0.4580463641611468,-1.5372190047623682,Missing,Morning,Free,Black,Yes,1.0
0.45399789021912035,Female,USA,Chicago,1.1078521077225874,0.991459878908199,0.8610610213412349,1.3797030398790886,0.5052020118978423,-0.767484437907039,1.4381376328705113,0.11890224108439283,0.5539255025804781,0.6356271688541728,Competition,Morning,Basic,Black,Yes,1.0
-0.8277624448939587,Male,USA,Los Angeles,-0.07175044278183863,-1.249534984675043,-0.7335285070450848,-1.3223950706094127,0.02279194306721862,-0.4468440032890192,-1.3583683218061346,-0.6089708355271841,-1.5703704124405715,-1.2001482205711158,Recreation,Afternoon,Premium,Black,Yes,1.0
0.38193446442781964,Other,UK,Manchester,-0.1026890419379855,-0.12613779238196438,-0.43881682752070916,-0.39073569483764337,-0.0403625866438967,0.05353788618411907,-0.4924754293087421,-1.4873095230677231,-1.5703704124405715,-2.0507611086634037,Recreation,Evening,Basic,Black,No,0.0
-1.4531696077757001,Female,Australia,Brisbane,2.113535206790313,0.2940574060814193,-0.39778820164465695,0.7052363255294485,0.5556390797071155,-0.3745995320373243,0.7445592054230392,0.11890224108439283,-0.9284509915443238,0.4872015751768934,Competition,Evening,Basic,Black,Missing,1.0
0.16628489065817217,Female,Germany,Hamburg,-0.41620092541643633,0.08309724299008299,-0.5064180024845077,-0.37014483489306355,0.17749945727370647,0.40611419755549566,-0.3213144316931719,-1.4873095230677231,1.2955080648157982,-1.5249113799247944,Recreation,Evening,Free,Black,Yes,0.0
0.45399789021912035,Female,India,Mumbai,-0.7844364687953851,0.6183822673473396,0.29379136318956667,0.2959322286395747,0.23830376760231148,-0.3083731597095478,0.2412908251617659,1.3526725834329467,-0.4580463641611468,1.2307488875817032,Recreation,Morning,Premium,Black,Yes,1.0
-1.0376356159090647,Male,Germany,Munich,0.9106380317250713,0.5240898276795302,1.1865806043715559,1.1386444292201385,0.7530973786920316,-1.6105606188354729,1.048741113385375,0.7635670295178747,-0.07297523146279654,0.018974458091852074,Recreation,Afternoon,Premium,Black,Yes,1.0
0.16628489065817217,Female,Australia,Sydney,3.6070002606397322,-0.6071559351704644,1.8089736077628842,1.5895654916584538,0.7402490464441319,-0.8063372743738997,1.5258688912045144,1.3526725834329467,1.5094853232949899,1.3529784981651538,Competition,Evening,Basic,Black,Yes,0.0
-1.5218043565792725,Other,USA,Chicago,-0.44163372804333956,-0.7433526973441658,-0.6836542986489994,-1.1076756415399196,0.037427449489406746,0.3215101836894481,-1.1189216631272487,-0.6089708355271841,-0.9284509915443238,1.1440877110962056,Competition,Afternoon,Premium,Black,No,1.0
-1.4531696077757001,Female,USA,Missing,-0.9504977772208816,-1.6736326426529862,0.1698375036064002,-1.4379321208010887,-0.09342064073831045,-0.37619035921259997,-1.5023268819884077,1.3526725834329467,-0.9284509915443238,-1.2419967760205868,Recreation,Morning,Basic,Black,Yes,1.0
1.617859327933322,Female,Australia,Melbourne,-0.23967607830455162,-0.91792161119636,-0.0036835929259031873,-0.7871001592392052,-1.8548964396394034,2.003893285606677,-0.8427577979196074,-1.4873095230677231,-0.07297523146279654,0.8717222854456417,Recreation,Evening,Basic,Black,Yes,0.0
-1.3843449426205798,Other,USA,New York,0.4982455419951372,0.7535222883707208,-0.9287645531621389,0.33343443531881933,0.38714968445121406,-0.6309934901986062,0.2881078914909927,1.3526725834329467,-1.5703704124405715,-1.9464503294493802,Competition,Afternoon,Free,Black,Yes,1.0
0.09458826567883617,Female,USA,Los Angeles,1.171262945567245,1.071699088283335,2.6205012416406723,2.2325299982481623,1.0531722691214593,-1.8488437903556207,2.2726627720296038,-1.4873095230677231,1.2955080648157982,-0.8512180548925868,Missing,Morning,Free,Black,Yes,0.0
-0.7575273526989368,Male,USA,New York,0.3366116767723158,0.5565950852812,-1.5680352376830595,-0.0871192603487961,0.5298869899898964,0.1460137203656761,-0.20599069886195764,-0.6089708355271841,-0.4580463641611468,-1.0787897370222308,Recreation,Afternoon,Free,Black,Yes,0.0
1.1063018754321465,Male,India,Mumbai,0.032930456484878586,-0.7323542072937954,-0.9525110011494732,-1.0182603383241253,-1.1215371949185637,1.3823800509942146,-0.865102738639548,1.3526725834329467,0.25897267409462416,-0.8420998731860979,Recreation,Evening,Basic,White,Yes,0.0
1.4713522244494153,Male,India,Delhi,-1.4003310366547574,-0.7766174304792751,-0.3875968281563448,-1.3811544733926484,-1.7663018141137112,1.8010919067402773,-1.2704484593385441,0.7635670295178747,0.5539255025804781,0.279019865212144,Recreation,Evening,Premium,Black,Yes,0.0
0.8155896249369979,Other,UK,Manchester,0.35464805647618547,0.9553336437579758,0.5329322572977905,1.00303672317771,-0.29037566066235887,0.1265931769615251,1.0922948005760527,0.7635670295178747,0.25897267409462416,-1.8266491816921684,Fitness,Morning,Free,White,Yes,0.0
-0.04851283305920734,Female,Germany,Munich,0.4505141442896371,0.7440124451292911,-1.1114305960916104,0.25015778560733765,1.2844741350633124,0.0006532117486082725,0.18852946593676523,0.7635670295178747,1.5094853232949899,-1.5249113799247944,Competition,Morning,Premium,Black,Yes,1.0
-1.0376356159090647,Male,Australia,Sydney,0.8873107661587021,0.17774719264075725,-0.3672914093228634,0.21806552411381108,0.807763481178655,-0.49576594984069805,0.23576175776715566,1.3526725834329467,-0.4580463641611468,-0.3335490391284641,Fitness,Morning,Free,Black,Yes,1.0
-1.5218043565792725,Other,Australia,Sydney,1.2344893309737177,-0.8751085694756454,2.277862802226343,0.9891247522703248,1.1747041845909518,-1.4482227004909811,0.9177106164825342,1.3526725834329467,-1.5703704124405715,0.39092895704895847,Competition,Afternoon,Free,Black,Yes,1.0
1.2521078550527232,Female,Australia,Sydney,0.723238670770915,-0.25756995386686804,0.8689273478055509,0.42310109462998957,-0.9391126544981594,0.7428379376820214,0.4267915201452185,1.3526725834329467,-0.07297523146279654,1.3043023424645261,Competition,Afternoon,Basic,Black,Yes,0.0
1.4713522244494153,Other,UK,Birmingham,-1.4003310366547574,-0.3461168812279516,1.2828223269610062,-0.09140936294143968,-1.5475351427424724,1.3852457512097092,-0.20477926695958873,-1.4873095230677231,-0.9284509915443238,-1.4412624082958958,Competition,Afternoon,Free,Black,Yes,0.0
0.5261484614349969,Male,India,Mumbai,-0.3024280427857738,2.0259347487328174,-1.763343875371804,1.00303672317771,0.05557213986065712,0.5792164810948527,0.8868479257794412,-0.6089708355271841,-0.07297523146279654,0.28607594820706395,Competition,Morning,Free,Black,Yes,0.0
1.4713522244494153,Male,UK,Manchester,-0.23967607830455162,-0.6317542428520653,-0.5221878528062429,-0.8609202558255661,-1.7184093673781844,1.6423532092338646,-0.7163145478616223,0.7635670295178747,0.25897267409462416,1.5390231632370241,Competition,Evening,Basic,Black,Yes,0.0
1.691213061789767,Male,Australia,Melbourne,0.6051691814726464,1.6277487628216825,-1.763343875371804,0.8978578312102652,-1.9997488399929075,1.986822476669539,0.8984896875599923,-1.4873095230677231,-0.9284509915443238,0.7415426486260581,Competition,Missing,Premium,Black,Yes,0.0
-1.5218043565792725,Other,Germany,Munich,0.37266476449827374,1.2002385441561894,-0.07874426968613729,0.9611986698557013,0.46274075519560265,-0.6926134100108138,1.0459547587819904,0.7635670295178747,-0.9284509915443238,-0.24684531362849405,Competition,Afternoon,Free,Black,Yes,1.0
0.598384501533626,Other,USA,New York,-1.0653540002479063,-0.1411547266844789,0.6280937848954972,-0.21097555951901725,-0.5977063091637266,0.3582041669969857,-0.2695323684887882,-1.4873095230677231,-0.4580463641611468,1.1999053894451959,Fitness,Missing,Basic,Black,Yes,1.0
-0.40445261772957364,Male,India,Delhi,0.35464805647618547,0.1667392857385229,-1.5162919254606084,-0.3953246415260257,1.449658245172617,-0.0661713133509779,-0.4471072080237218,1.3526725834329467,1.2955080648157982,0.07051038251970641,Recreation,Evening,Free,Black,Yes,0.0
-0.7575273526989368,Other,India,Delhi,0.49228630507097076,0.5615727412721764,-0.3622310014677864,0.38041301196608895,0.6569261309765086,-0.33032170096715047,0.33119403816629783,0.7635670295178747,0.5539255025804781,0.3839949504790922,Recreation,Evening,Basic,Black,Yes,1.0
1.617859327933322,Male,UK,Birmingham,-0.010079679374717754,0.8218417072455105,-0.66171006968851,0.3176779260264063,-1.94439716403021,1.8365903636337246,0.34111120719676685,1.3526725834329467,0.5539255025804781,-0.8330075577401531,Fitness,Afternoon,Premium,White,Yes,0.0
-1.3153385094155594,Male,India,Bangalore,1.564983206892656,-1.1394792552496011,1.3595171987518104,0.4845699113820158,0.3880763302289312,-0.7481978127670249,0.47602183644926527,0.7635670295178747,-0.4580463641611468,-1.2105394878518154,Fitness,Afternoon,Premium,White,Yes,1.0
1.3251190523378964,Female,Australia,Melbourne,0.020654999045917194,-0.07262472804255286,-0.5966622725697017,-0.3724279330567258,-1.460568455849855,1.689329874346777,-0.2709468851742023,0.11890224108439283,-0.4580463641611468,-0.8330075577401531,Fitness,Evening,Basic,White,Yes,0.0
1.4713522244494153,Other,Australia,Missing,0.4265986291804338,-0.47379750473505927,0.6648836592549683,0.08963110495668515,-1.6670215077775583,1.4335578731312326,-0.05159120778564829,-1.4873095230677231,-0.07297523146279654,0.748108712327502,Fitness,Morning,Basic,Black,Yes,0.0
-0.967821134277679,Male,UK,Birmingham,0.0451955041438982,-2.040656288368096,-1.1877227863721647,-1.9645191899997811,0.6394338150031667,-0.4908460021451061,-1.7159601477226785,0.11890224108439283,0.5539255025804781,-0.44643197817006014,Competition,Afternoon,Basic,Black,Yes,0.0
1.3982008725410255,Male,Australia,Melbourne,-0.8637509958809362,0.33379746922867726,-0.35212912942038077,-0.25079602254224903,-1.5284416027650818,1.482968200689748,-0.30807588673358566,-1.4873095230677231,-1.5703704124405715,0.33523479180403193,Recreation,Evening,Premium,White,Yes,0.0
0.09458826567883617,Other,Germany,Berlin,2.185463428616402,2.2586673120290244,-0.623625135322091,2.157806989002968,0.7048142010692907,-0.04133447617712553,2.197822379815362,-0.6089708355271841,-0.4580463641611468,-1.652912091916718,Competition,Evening,Free,Black,Yes,1.0
0.743106604288856,Female,UK,London,-0.016234582997186605,-0.47379750473505927,0.4826047325324301,-0.16059631215347817,-0.8464142128273012,0.29108174377679985,-0.17670874626241248,0.7635670295178747,-0.07297523146279654,-0.6734361096658676,Recreation,Evening,Premium,Black,Yes,0.0
0.9607924151432629,Female,Germany,Munich,0.3245764053370526,0.6719962556676757,-0.5221878528062429,0.35306151551166887,-0.49745300113586816,0.8393664145261667,0.32855246212721373,-0.6089708355271841,0.25897267409462416,0.37010333794106276,Recreation,Evening,Basic,White,Yes,0.0
0.45399789021912035,Male,USA,New York,1.0268733304866602,0.051932664661321834,0.3286445062895085,0.4692707543286927,-0.07748763669957376,-0.28655002448554723,0.3601534582353267,-0.6089708355271841,1.5094853232949899,1.2491990347536022,Fitness,Morning,Basic,Black,Yes,0.0
-1.1768095690178901,Other,Germany,Hamburg,1.411717724709981,1.0981340399655846,-0.6946770239446143,0.9786684985674834,1.5403520527522065,-0.2571315035995736,0.9051274585290845,-1.4873095230677231,0.8212898586265683,-0.8420998731860979,Competition,Evening,Premium,Black,Missing,1.0
-1.2461577669060369,Female,USA,Los Angeles,-0.4225538666230824,-1.267655169905406,0.9236977484445646,-0.5282016876540023,0.417815812122392,-1.1120870795153848,-0.5523576154649199,0.11890224108439283,-0.4580463641611468,0.8458748147406647,Fitness,Afternoon,Basic,Black,Yes,1.0
-1.4531696077757001,Other,USA,New York,-1.4003310366547574,1.1765417020086575,1.3376965810235224,1.0635083091925859,0.5118370296754368,-1.3784325976823906,1.0405510565919607,1.3526725834329467,-1.5703704124405715,0.0041571778055561805,Competition,Morning,Premium,Black,Yes,1.0
-0.7575273526989368,Other,Germany,Berlin,0.3125322556393935,-0.27947686278778094,-1.7228171858828925,-0.8455331562257182,0.4449126602904563,-0.21724055835907805,-0.8719555035218819,-1.4873095230677231,1.5094853232949899,1.5092834111075408,Recreation,Evening,Basic,White,Yes,0.0
-1.4531696077757001,Male,UK,Birmingham,-0.5182767814232326,0.39912775030496406,0.21446761854948035,0.1695340112577816,0.1846134658939034,-0.5686453351859692,0.058428531496929226,1.3526725834329467,-0.4580463641611468,-0.5962699709810306,Fitness,Morning,Free,Black,Yes,1.0
0.16628489065817217,Female,Australia,Melbourne,0.02679403362670602,-1.8312808201589326,0.6567293135091485,-0.7795415822711514,-0.1738392291338107,-0.3969311219650943,-0.8998233700030337,-0.6089708355271841,1.5094853232949899,-0.34949549249446227,Fitness,Missing,Free,Black,Yes,0.0
0.022988302149390624,Male,Australia,Melbourne,-0.4798896083883693,-0.9855381176978677,-0.8643450172207987,-1.396003666878279,0.07552801071168336,0.0874377352074079,-1.1669303194333684,1.3526725834329467,0.5539255025804781,0.5280172668907478,Recreation,Evening,Basic,Missing,Yes,0.0
-1.2461577669060369,Female,USA,Chicago,-0.37182687823213695,-1.4628224986944653,0.7014306962807564,-0.7444560223974419,0.5872767084741963,-0.41778398218777063,-0.6067996618301282,0.11890224108439283,0.25897267409462416,-0.5540739447125328,Recreation,Afternoon,Premium,Black,Yes,1.0
1.3982008725410255,Female,USA,Los Angeles,0.008369057230287405,-0.6176721250229146,0.6239907872377294,-0.16931813765575957,-1.8640289142342266,1.586589816639974,-0.19067109842736166,-1.4873095230677231,1.067103651125418,0.8846116972525161,Recreation,Evening,Free,Black,Missing,0.0
1.3251190523378964,Female,UK,Manchester,-0.18969693114101582,1.082732199547746,1.788540344514313,1.5055127311433354,-1.1733891383019412,0.9703820526609954,1.6387777854933079,0.11890224108439283,-1.5703704124405715,-0.7170250947903994,Fitness,Evening,Premium,Black,Yes,0.0
-0.8277624448939587,Female,India,Bangalore,-0.8041998702430773,-1.3276063920749117,1.0660690121028138,-0.6119013497163154,0.40850413679509245,-1.5805916916712122,-0.5586743263431178,0.11890224108439283,-1.5703704124405715,1.389302050353652,Competition,Evening,Basic,White,Yes,1.0
0.8881520237558846,Female,Germany,Hamburg,0.36666136981384556,0.6768360502353972,0.27188422861607225,0.6832063914245177,-0.8152561126881223,0.8246091287456684,0.5642056424925754,-1.4873095230677231,-0.07297523146279654,-0.6647816487782657,Fitness,Evening,Premium,Black,Yes,0.0
-1.5218043565792725,Other,USA,New York,0.5814636907913174,0.608558920451638,1.035569305074107,1.034215739900093,0.8207573112302827,-1.3784325976823906,0.9448638513825041,0.11890224108439283,-0.9284509915443238,-1.652912091916718,Competition,Evening,Free,Black,Missing,1.0
-0.897861840447026,Male,Australia,Melbourne,0.3906619794141655,0.6622997452573985,0.49943368276619016,0.7780331019982709,0.8942393888647131,-1.5212630835581513,0.7609500108327774,0.7635670295178747,0.8212898586265683,0.03375010480661141,Fitness,Morning,Premium,Black,Yes,1.0
1.1063018754321465,Other,UK,Birmingham,-1.2097527094873295,1.3337183741968934,1.2754704037117957,1.2061233278682926,-0.5079884629528252,0.9055268249296607,1.2400184380510362,0.7635670295178747,-0.9284509915443238,-0.9627802581682038,Fitness,Missing,Premium,Black,Yes,0.0
0.743106604288856,Female,Germany,Berlin,-0.40350546531650305,-1.0758763154971753,-1.6286400627255628,-1.7910700559475337,-0.6492337784179383,1.2376109175737284,-1.5315701768947227,0.7635670295178747,-1.5703704124405715,0.6155829550110143,Recreation,Evening,Basic,White,Yes,0.0
0.16628489065817217,Male,UK,Manchester,-1.1268748767398906,1.5363291034704878,-0.14067460612828397,0.8068837735059279,0.9369143326717885,-0.2187670778101251,0.8797458083282416,1.3526725834329467,1.067103651125418,-0.72580783716315,Missing,Morning,Basic,White,Yes,1.0
-0.40445261772957364,Female,Germany,Berlin,-0.059394462372137594,-1.8374140272968356,-0.8068498717309084,-1.7014513689883848,0.09731773597588801,0.14324572134604796,-1.5874728365272435,0.11890224108439283,0.5539255025804781,0.23650371748305418,Fitness,Morning,Basic,White,Yes,0.0
-0.19120943052252162,Male,Germany,Hamburg,1.5196738938686407,0.2700115323907812,-1.763343875371804,0.05438535351919284,0.2698963372157808,0.3477589884736239,-0.08004972589505782,-1.4873095230677231,0.25897267409462416,1.2245895545252452,Fitness,Morning,Free,Black,Yes,0.0
0.8881520237558846,Other,USA,Los Angeles,-1.4003310366547574,1.0362126300045797,-0.7897903997201541,0.03144072830845133,-0.7988622229435193,1.010405911912904,-0.0694052936975819,-1.4873095230677231,1.2955080648157982,1.1503089639180049,Recreation,Morning,Free,Black,Yes,1.0
1.1791684078030877,Male,UK,London,-0.9504977772208816,0.307350354660795,-0.28706883829999635,-0.2753050453589788,-1.365776109807106,1.3506802688883686,-0.3997717626100926,1.3526725834329467,-0.9284509915443238,1.443499352291951,Missing,Morning,Basic,Black,No,0.0
1.617859327933322,Male,UK,Birmingham,-1.2585838126671107,0.43009926272288673,-0.4698712819555765,-0.34965017526943465,-1.9898768493296237,2.0741730728068632,-0.44092323670331635,-1.4873095230677231,-0.4580463641611468,1.4674782410255487,Competition,Morning,Basic,Black,Yes,1.0
1.4713522244494153,Male,Australia,Brisbane,-0.6342659758302587,0.33906494919957525,0.1021055373251351,0.033531154188498655,-1.865075610047872,1.4690653344965805,-0.011227248665738328,0.7635670295178747,0.25897267409462416,0.6088881866283056,Fitness,Evening,Free,White,Yes,0.0
-0.11991287048315613,Male,Australia,Brisbane,0.6819998525332132,1.3587272496896985,1.5773829301280846,1.8367637082787287,1.289847260087407,-2.0338860607701683,1.82303822103813,0.11890224108439283,1.067103651125418,-0.07810586834526462,Competition,Evening,Free,White,Yes,1.0
0.45399789021912035,Male,USA,Chicago,0.17336796754158015,0.9211968606552471,0.37617851826558085,0.8605773253543133,-0.008044211247944426,0.1363164554355656,0.7719077011589481,-1.4873095230677231,1.5094853232949899,1.2245895545252452,Fitness,Afternoon,Free,Black,Yes,1.0
1.3982008725410255,Female,USA,Chicago,0.6347575291649166,-1.2951191210650115,-0.12152622964768411,-0.7171020669414416,-1.594587114677403,1.5252102126732126,-0.7177919243288485,-1.4873095230677231,1.2955080648157982,1.2859753602839994,Competition,Evening,Free,White,Yes,1.0
0.45399789021912035,Male,India,Bangalore,0.31855544370915295,0.08309724299008299,-0.5966622725697017,-0.14320218109174865,0.005634469093370344,0.04074400352614818,-0.2019393405026161,-0.6089708355271841,-1.5703704124405715,0.8393985149229477,Recreation,Evening,Basic,White,Yes,0.0
-1.1073002361975683,Male,Australia,Brisbane,-0.146121932453822,-0.32056434113265125,0.9120040988409035,0.11846525243148581,1.1831673998634096,-1.2698753525986954,0.08579452592882922,-0.6089708355271841,-0.9284509915443238,-0.25465954003490576,Fitness,Morning,Free,Black,Yes,0.0
0.743106604288856,Other,Germany,Berlin,0.7878614989102335,1.065066410193171,2.2383729695350674,1.9524563158445096,-0.32135209920215924,-0.767484437907039,2.0157922075909043,-0.6089708355271841,1.067103651125418,1.1627369045422011,Competition,Morning,Basic,Black,Yes,1.0
1.691213061789767,Male,UK,Manchester,-0.18346308156555305,-0.8879207053849536,0.13383357737995252,-0.7245438744819414,-1.9873063414505556,1.8089695623305393,-0.6702161984900521,0.11890224108439283,-0.07297523146279654,0.3142163702317481,Recreation,Evening,Premium,Black,Yes,0.0
-1.0376356159090647,Other,USA,Los Angeles,-0.8041998702430773,0.0204908352913817,0.6770927135091441,0.01678206275850919,0.5023608999768235,-0.7464490688093148,0.10121942536664995,0.7635670295178747,0.5539255025804781,0.07051038251970641,Recreation,Afternoon,Premium,Black,Yes,1.0
-0.26240001513565236,Female,UK,London,0.5399035176357648,1.5663210393238594,0.5036325691885332,1.5214585246440615,0.803770976106743,-1.0344317691284548,1.4704744796811708,0.7635670295178747,-0.4580463641611468,0.37705309049370767,Competition,Morning,Free,Black,Yes,1.0
1.1791684078030877,Male,UK,Birmingham,-0.6407477960374622,-0.019938998511551235,0.014889178722315153,-0.2909717655172594,-1.4223793792756199,1.494966046375245,-0.40695146399787197,0.7635670295178747,0.8212898586265683,-0.8239407898682732,Fitness,Evening,Premium,Black,Yes,0.0
0.09458826567883617,Other,India,Delhi,-1.4003310366547574,1.4737728913884116,0.5745126094372079,0.9681930356207377,1.0583650065902912,-0.24788856282124652,1.0370843201314432,0.11890224108439283,1.2955080648157982,-1.179501982048038,Fitness,Evening,Premium,White,Yes,0.0
-0.3334819986721835,Other,Australia,Brisbane,-1.4003310366547574,-0.7691898844958373,1.1416621551246555,-0.4507733391189933,0.40850413679509245,-1.0138425330152538,-0.45396726439440194,0.11890224108439283,-0.4580463641611468,-0.9438980268485702,Recreation,Afternoon,Premium,Black,Yes,1.0
-1.3153385094155594,Female,USA,Los Angeles,-0.6992731336958113,0.9280452995921694,-1.763343875371804,-0.16277521447627286,1.1094717353895183,0.3083124637437587,-0.11404705602004744,-0.6089708355271841,-1.5703704124405715,-0.26248704576728354,Fitness,Afternoon,Free,White,Yes,1.0
-0.897861840447026,Male,UK,Birmingham,0.9339382180104066,0.37573615268566074,0.6892749919527356,0.8194587598061013,1.3383907676152031,-1.2798114848650601,0.7400535299169839,-1.4873095230677231,0.5539255025804781,0.20083323713625834,Fitness,Morning,Free,White,Yes,1.0
-0.616666342330344,Male,USA,New York,0.6229279552062471,0.5814224969409876,0.04260839141894171,0.5979147449284162,0.8800789460068088,-1.14278876678552,0.651927091971626,1.3526725834329467,1.067103651125418,-0.45461146490026344,Fitness,Afternoon,Premium,Black,Missing,1.0
-0.5460479512448121,Male,USA,New York,0.6229279552062471,0.5814224969409876,0.04260839141894171,0.5979147449284162,0.8800789460068088,-1.14278876678552,0.651927091971626,1.3526725834329467,1.067103651125418,-0.45461146490026344,Fitness,Afternoon,Premium,Black,Missing,1.0
-1.1073002361975683,Other,Germany,Hamburg,0.11857123952329218,0.15293254857418215,0.3286445062895085,0.24215409304872976,1.255530442643199,-1.1120870795153848,0.3177018252577939,1.3526725834329467,-0.4580463641611468,-1.179501982048038,Recreation,Evening,Basic,Black,Yes,1.0
-0.3334819986721835,Male,India,Delhi,-0.6472337547847897,1.1787009228791867,-0.9884664290809251,0.31965017325107675,0.9655256519457741,-0.20200919614325016,0.3265126416754335,-1.4873095230677231,-0.9284509915443238,-1.0986157582654779,Competition,Evening,Premium,Black,Yes,1.0
-0.04851283305920734,Other,Germany,Hamburg,0.752639827348122,0.9779467375940856,-0.07401607679854556,0.8960881748761272,0.457104416854761,-0.5254165167396136,0.7961961287103363,-0.6089708355271841,0.8212898586265683,1.1004014296966713,Fitness,Afternoon,Free,Black,Yes,0.0
0.2380761059425596,Male,USA,Los Angeles,-0.9036775024202185,0.49890547982407335,-1.0493278795726997,-0.40451704778057507,0.6452586637112083,0.3555957690472353,-0.3089627924730686,-1.4873095230677231,-0.9284509915443238,0.215128077504045,Recreation,Afternoon,Free,Black,Yes,1.0
1.1791684078030877,Other,USA,Chicago,-0.9841051449788768,-1.477246238749073,-1.465655757148082,-2.492801435054563,-1.566835664614744,1.711684010356415,-2.094248902823513,-1.4873095230677231,-0.9284509915443238,-0.7522902973237111,Recreation,Afternoon,Free,White,Yes,1.0
0.598384501533626,Male,Australia,Melbourne,-1.1337432414667827,1.58820281750369,-0.9704375855922348,0.566046473509062,-0.19921435879403893,0.14047560510924728,0.6014021231385175,1.3526725834329467,-0.9284509915443238,0.09606858169257179,Competition,Afternoon,Premium,Black,Yes,0.0
0.2380761059425596,Male,UK,Manchester,2.09136603959154,-0.32056434113265125,-0.5752325232721093,0.2261080243562873,0.6123295036834118,0.05920974002894856,0.27230193483025716,0.11890224108439283,-1.5703704124405715,-0.06305000030945947,Fitness,Afternoon,Free,Missing,Yes,0.0
-0.3334819986721835,Male,Germany,Hamburg,0.6819998525332132,2.14349881410177,-0.5859319641023334,1.6756200770841498,1.614154687115638,-1.0664543141700822,1.6471327178593418,1.3526725834329467,0.8212898586265683,-0.579335855491602,Competition,Morning,Free,White,Yes,1.0
1.3251190523378964,Female,India,Delhi,-1.4003310366547574,0.4786428862927358,-1.763343875371804,-0.8455331562257182,-1.519764505592227,1.8193084288513601,-0.8984335975841041,0.11890224108439283,0.25897267409462416,0.24361135756310343,Competition,Evening,Premium,Black,No,0.0
0.38193446442781964,Male,UK,Birmingham,0.039064276913565364,0.5789465740825087,-0.23280375940055864,0.29791298871183797,-0.12427798529673814,0.1390897522438032,0.29105503805591626,-0.6089708355271841,-0.4580463641611468,0.6887894544776443,Recreation,Afternoon,Basic,Black,Yes,0.0
1.1063018754321465,Female,Australia,Sydney,-0.09649572015397123,-0.34291142192233015,0.12479004800089895,-0.28425073399908324,-1.0430008946885885,1.1430967925790123,-0.3571896943036489,-1.4873095230677231,-1.5703704124405715,1.4854191758663504,Recreation,Morning,Premium,Missing,Yes,0.0
1.2521078550527232,Male,Germany,Berlin,2.4549649050071127,-1.360595258652412,0.33298422990198995,0.19183686818616846,-1.1680824818929363,1.0963344206626429,0.20557408734127752,0.7635670295178747,1.5094853232949899,-0.9157979055835732,Competition,Afternoon,Free,Black,Yes,1.0
0.6707043991410716,Other,Germany,Munich,1.0036788927820286,0.040531741487096255,0.14736678752175159,0.37456429392828233,-0.5668364587036483,0.4736204009417373,0.37518721665531213,0.7635670295178747,0.5539255025804781,0.37705309049370767,Fitness,Evening,Basic,Black,Yes,0.0
-0.3334819986721835,Other,Australia,Brisbane,-0.8703926048147242,-2.040656288368096,0.4061987798479476,-1.4169026066383212,-0.16890969564347805,-0.25404802151183536,-1.449909705678394,-0.6089708355271841,-1.5703704124405715,0.8974784619520618,Recreation,Evening,Basic,Black,Yes,1.0
0.9607924151432629,Male,India,Delhi,-1.3432101355832298,0.1066993609880321,-0.9051918887110258,-0.8789487947110164,-0.9842595122496056,1.4382535899453015,-0.8070892508519533,0.7635670295178747,1.2955080648157982,0.1070212447264485,Recreation,Evening,Free,Black,Yes,0.0
-0.3334819986721835,Male,Australia,Brisbane,-0.9572080951803438,-0.12613779238196438,-0.41312423326967457,-0.694858275264195,-0.05305456661291386,-0.06177623958119614,-0.5685742059088517,0.11890224108439283,-0.9284509915443238,0.1070212447264485,Fitness,Afternoon,Basic,Black,Yes,0.0
0.6707043991410716,Male,India,Bangalore,-0.5890072884475747,-0.12913579543294199,-0.5169240034027327,-0.6094865191646849,-0.5918486229589728,0.691143823421364,-0.6962177397272152,0.7635670295178747,-1.5703704124405715,0.8393985149229477,Recreation,Afternoon,Basic,White,Yes,0.0
1.691213061789767,Other,Australia,Sydney,-0.2209111415267584,-1.249534984675043,0.7937624491055837,-0.521104305184487,-1.8004537705214845,1.6962261919433923,-0.4946615581506866,-0.6089708355271841,0.25897267409462416,-1.8925996682614257,Fitness,Morning,Premium,White,Yes,0.0
-0.5460479512448121,Male,Australia,Brisbane,1.1078521077225874,-0.9774879991240283,-1.2266451365668773,-0.830206171655939,0.9696235214673166,-0.05592422611326353,-0.8500881428214969,-0.6089708355271841,0.8212898586265683,0.4047735648392714,Fitness,Evening,Free,Black,Yes,1.0
-0.04851283305920734,Other,USA,Chicago,1.6553496672699746,0.2940574060814193,0.7377403430277558,1.011714566484357,0.49211428771155996,-0.4258343620062389,0.9969169021367246,0.11890224108439283,0.5539255025804781,1.2798573514802423,Fitness,Afternoon,Free,White,Yes,0.0
-1.1768095690178901,Female,Germany,Munich,2.185463428616402,-0.91792161119636,0.6933298361895828,0.46543893385927815,1.2812522373819006,-1.3077569421669533,0.3912809172129732,0.7635670295178747,-0.9284509915443238,-0.8972086224157568,Missing,Evening,Free,Black,Yes,1.0
0.16628489065817217,Other,Australia,Melbourne,1.2746302910439795,0.7033550899780829,-0.017662899187842238,0.8712542358236639,0.35389993772686446,-0.5552933822672854,0.825434347262408,0.7635670295178747,0.25897267409462416,0.3839949504790922,Competition,Evening,Free,Black,Yes,1.0
0.598384501533626,Other,Australia,Brisbane,1.5253422240534742,1.5941542701077096,-0.05515315843827133,1.613151119330948,0.5213296071208178,-0.1762562271508296,1.5553880498118853,-1.4873095230677231,-0.07297523146279654,-0.27818229463050026,Competition,Morning,Free,White,Yes,0.0
-0.8277624448939587,Female,UK,London,0.10636713824661002,0.9166253268119535,-0.433664915574793,0.5169326616882711,1.8410288561100727,-0.4306726394504964,0.6049806059107248,1.3526725834329467,-0.9284509915443238,-0.7082643147431725,Fitness,Morning,Basic,White,Yes,1.0
-1.1073002361975683,Other,Germany,Munich,0.6761011562604444,1.7925256909126288,0.4104731353971067,1.7066263734531768,1.0407264980099273,-1.2738470136600577,1.781062875020137,-0.6089708355271841,0.25897267409462416,0.41858722029885836,Fitness,Morning,Premium,White,Missing,1.0
-1.3153385094155594,Male,UK,Manchester,-0.06557107307875433,-0.6601299331224302,-0.15509116855844057,-0.6288446585534877,0.49006652006287815,-0.8134418166680109,-0.6226312113135265,-1.4873095230677231,-0.4580463641611468,1.3953409175880336,Competition,Morning,Free,Black,Yes,0.0
1.3251190523378964,Male,Germany,Berlin,-0.4926705574444241,-1.2137320022138283,-1.2463112842791095,-1.7675805083235432,-1.2297435009588291,1.9310144738574946,-1.6643752952391628,-0.6089708355271841,1.5094853232949899,0.279019865212144,Recreation,Evening,Premium,Black,Yes,0.0
-1.3153385094155594,Male,Australia,Brisbane,-0.4798896083883693,-0.19272542976240295,0.14736678752175159,-0.2999489136502466,0.5080446040897599,-0.6960648776943189,-0.3422437760356962,1.3526725834329467,0.25897267409462416,0.9869259761941057,Recreation,Morning,Basic,Black,Yes,0.0
0.16628489065817217,Other,Australia,Brisbane,0.27030701178425526,-0.25756995386686804,-0.40289365378816117,-0.33377554404422416,0.3852968861593022,-0.15517946871664767,-0.38172254999956073,-1.4873095230677231,-1.5703704124405715,1.2060834869282169,Recreation,Morning,Free,Black,Yes,0.0
-1.3153385094155594,Male,USA,Chicago,-1.4003310366547574,0.5265995743097791,-0.46467836186122274,-0.3066936635203159,0.49857505337290864,-0.5221108831923469,-0.32720657635201306,-0.6089708355271841,-0.07297523146279654,-1.8426284897695222,Missing,Morning,Basic,White,Yes,1.0
-0.11991287048315613,Male,UK,Manchester,-1.2585838126671107,0.0032211963222582257,0.6608079890843348,-0.1475445528764627,-0.08755748222110048,-0.7394617079240634,-0.2224988196192479,0.7635670295178747,-0.07297523146279654,-1.652912091916718,Fitness,Evening,Free,White,Yes,0.0
-0.616666342330344,Other,India,Delhi,0.25822221667310763,-1.748689836093543,-0.05515315843827133,-0.9995657945763026,0.9064025943575893,-0.7237845522800862,-1.0517161190833564,-0.6089708355271841,0.8212898586265683,0.07051038251970641,Recreation,Morning,Basic,White,Yes,1.0
-0.7575273526989368,Male,USA,Los Angeles,-1.4003310366547574,0.04623680761960595,-0.4080056546304434,-0.7022593412701581,-0.07664741570918514,-0.44198550785599255,-0.6743238247569809,0.11890224108439283,-1.5703704124405715,1.3043023424645261,Recreation,Evening,Premium,Black,Yes,1.0
0.30995992984872417,Other,UK,Manchester,1.1770183531173413,1.2451491946348954,1.1454177071765792,1.7004371199150603,0.5413175590264656,-0.4859322541543099,1.8197876211728499,0.11890224108439283,0.25897267409462416,-0.7879230572141982,Competition,Afternoon,Free,White,Yes,0.0
0.6707043991410716,Male,UK,Birmingham,-0.621314663047952,-0.37511506632748987,0.6811564380664534,-0.19777942357260225,-0.1861372124881777,0.4112547347543696,-0.3038100781085121,0.11890224108439283,-0.4580463641611468,0.9167365244508796,Competition,Evening,Premium,Black,No,0.0
1.3982008725410255,Male,USA,New York,-0.6732194241004363,0.9211968606552471,0.33298422990198995,0.5941754310730135,-1.5626224074146382,1.2843182831788138,0.4643226898625325,0.11890224108439283,0.25897267409462416,-0.6908076910200163,Fitness,Evening,Premium,Black,Yes,0.0
-0.04851283305920734,Female,Australia,Brisbane,-0.5439430773031171,-0.3015348458426105,-0.3571769172350705,-0.6531705429637416,0.03397953054285148,-0.17022222315972682,-0.712423954408583,1.3526725834329467,-0.07297523146279654,-0.6821113833230963,Competition,Morning,Basic,Black,Missing,0.0
0.6707043991410716,Female,UK,Missing,0.3065068342012335,-0.7543956978692666,-1.395086715160316,-1.102194554466183,-0.49669923872751315,1.0868993417574508,-0.912385684622405,0.7635670295178747,-0.9284509915443238,-0.4957552963112176,Competition,Afternoon,Free,Black,Yes,0.0
1.3982008725410255,Other,Australia,Brisbane,2.7403043474338378,1.3939377047113501,0.9081010595881819,2.1346507927162515,-1.2995471028899324,0.7903018493879943,2.299683984978749,0.7635670295178747,-0.07297523146279654,1.5211913128514043,Competition,Afternoon,Premium,Black,No,0.0
-0.40445261772957364,Female,USA,New York,-0.2459372004971191,1.4021857623262444,-1.2927540732594685,0.5528684056044981,1.1187216741386015,-0.7727605310017328,0.5521970599629287,-0.6089708355271841,-0.4580463641611468,1.431484978938146,Competition,Afternoon,Basic,Black,Yes,1.0
0.45399789021912035,Other,Australia,Brisbane,-0.1523381407609638,-0.12613779238196438,0.3286445062895085,-0.050811532139675854,-0.09007124951468971,0.11265743707941914,0.03407020043150543,-1.4873095230677231,-1.5703704124405715,-1.41808850828621,Recreation,Afternoon,Free,Black,Yes,0.0
0.16628489065817217,Female,Germany,Berlin,0.3906619794141655,-1.8435705366015387,0.21890818504293402,-0.8944685875262003,-0.08336458645436412,-0.01955711539450148,-0.8798578426197213,-0.6089708355271841,1.5094853232949899,0.5076418371703542,Fitness,Evening,Free,Black,Yes,1.0
-0.5460479512448121,Male,India,Delhi,0.9339382180104066,-0.31420845725499535,1.1454177071765792,0.5941754310730135,0.5508611271343926,-1.6951386444264593,0.6826124553451485,-0.6089708355271841,1.067103651125418,0.8134349021453344,Competition,Afternoon,Premium,Black,Yes,1.0
-0.7575273526989368,Other,UK,Birmingham,0.5814636907913174,-0.4207702247618748,-1.763343875371804,-0.8557844998198804,0.7778838858630299,0.08321742495084879,-0.8880030085676639,-0.6089708355271841,0.25897267409462416,1.1937225615170024,Recreation,Evening,Free,Missing,Yes,0.0
1.1063018754321465,Other,India,Bangalore,-0.4543713309648171,-0.5792995372313228,-1.763343875371804,-1.4560632060501193,-1.3204361897852124,1.5812242210009406,-1.4433104448420757,-0.6089708355271841,-0.07297523146279654,-1.41808850828621,Recreation,Evening,Premium,Black,Yes,0.0
0.6707043991410716,Male,Australia,Brisbane,-1.1958686317908502,0.7582692299395304,-0.3019917093888111,0.033531154188498655,-0.5749493588080598,0.83029277327872,0.04348091993927375,0.7635670295178747,1.5094853232949899,-0.3655002167741536,Recreation,Evening,Free,White,Yes,0.0
0.16628489065817217,Other,UK,Birmingham,-0.308720684557249,-1.5494332381460747,2.1153606621342536,0.12328895252362433,1.2673078173794023,-2.2514062716278316,0.03254309906722818,-1.4873095230677231,0.25897267409462416,0.9359445962287035,Competition,Afternoon,Basic,White,No,1.0
-1.5902402497269745,Other,Australia,Melbourne,1.3832253808029722,2.0295893172225443,-0.8643450172207987,1.689591513066217,1.1673075200374052,-0.06763749482471537,1.762662191253497,-0.6089708355271841,-1.5703704124405715,1.371159715376814,Competition,Morning,Premium,Black,Yes,1.0
1.0335094624552033,Female,Germany,Berlin,-0.8903480396585974,-0.9495151210827252,-0.28706883829999635,-1.2417707580915893,-1.019169897039506,0.8865993050318268,-1.232967655114779,0.7635670295178747,-0.07297523146279654,-1.6938313092706982,Fitness,Morning,Premium,White,Yes,0.0
-1.5218043565792725,Other,USA,New York,1.0789667834710013,1.2302263785502554,2.2094144428545333,2.125946951197017,1.1905813621812134,-1.8239830358226403,2.2485809886435213,-0.6089708355271841,-0.9284509915443238,-1.2954306745990811,Competition,Afternoon,Free,Black,Yes,1.0
-1.2461577669060369,Male,UK,Birmingham,0.11247043240887783,-0.24201294853126054,-1.763343875371804,-0.9100507825174577,0.5911237460290572,0.06345786750092457,-0.9441666622485034,0.11890224108439283,-0.9284509915443238,-0.31765993772076845,Competition,Morning,Free,Black,Yes,1.0
1.617859327933322,Female,Germany,Munich,-1.4003310366547574,-0.825404629766446,-0.18891739653588505,-1.3020637512551663,-1.9428470115416887,1.919081995640157,-1.366067546890314,-0.6089708355271841,0.25897267409462416,0.9295474251093568,Recreation,Morning,Premium,White,Yes,0.0
1.0335094624552033,Female,Germany,Berlin,-0.23967607830455162,-1.2137320022138283,0.16086183014647898,-0.8789487947110164,-1.0298603149275771,1.2396127059644482,-0.7373859349186781,-0.6089708355271841,-1.5703704124405715,-0.45461146490026344,Fitness,Evening,Free,Black,Yes,1.0
1.3251190523378964,Male,UK,London,3.2842822412774417,0.07745124748337676,0.8096682361768726,1.405721075197483,-1.1886451636565831,0.7486623415781252,1.5067945938068614,1.3526725834329467,-0.4580463641611468,0.9039034059309293,Competition,Evening,Basic,White,Yes,0.0
0.022988302149390624,Male,Australia,Sydney,2.046974153392689,1.348322564488416,-0.03636914194404481,1.575371621623624,0.678378025990021,-0.5853992555125352,1.7088901887724806,0.11890224108439283,1.5094853232949899,-1.5874731833953044,Competition,Missing,Free,Black,Yes,0.0
-0.40445261772957364,Female,Germany,Berlin,1.4969871355572075,-1.2137320022138283,-0.5486169814602305,-0.5140187845678085,0.3964235412580328,-0.6702514410921683,-0.4581911387660006,-1.4873095230677231,1.5094853232949899,-2.0507611086634037,Recreation,Afternoon,Basic,White,Yes,0.0
0.2380761059425596,Other,India,Mumbai,0.11247043240887783,-0.46711798474498956,-0.4439754965966081,-0.56386861995626,0.08161878456359976,0.2977188356273396,-0.5131328802300111,-0.6089708355271841,1.067103651125418,0.8458748147406647,Recreation,Morning,Basic,Black,No,0.0
1.2521078550527232,Female,Germany,Berlin,1.8630831445165337,1.5683141939252694,1.3812653256541458,2.2110582782972785,-0.32056094845818034,0.317556022792667,2.3339893311407502,-1.4873095230677231,0.8212898586265683,0.5212326050516983,Competition,Evening,Basic,Black,Yes,0.0
-1.1073002361975683,Male,Australia,Melbourne,1.4856356562773567,-0.8751085694756454,0.6770927135091441,0.23614287848953197,0.6326456443940688,-0.6140453381885892,0.12035977057194892,0.11890224108439283,0.8212898586265683,-1.3502449441273425,Fitness,Afternoon,Basic,Black,Yes,0.0
0.30995992984872417,Female,Australia,Brisbane,-0.214662263969566,0.971174833041395,1.3776456367156404,1.2295600811204075,0.7699410117953311,-0.4306726394504964,1.1697800024211944,-0.6089708355271841,-1.5703704124405715,1.125394621783939,Fitness,Afternoon,Basic,Black,Yes,0.0
-0.967821134277679,Male,India,Missing,-0.12128598485205593,-0.8027766256953762,0.09755554536448263,-0.6143175859108151,0.47026508251634724,-0.3193316843350512,-0.6649100401893101,1.3526725834329467,1.067103651125418,-1.4296382459604338,Recreation,Afternoon,Free,Black,Yes,0.0
-0.47530895989914296,Female,Germany,Missing,0.8288723702658147,-2.040656288368096,-1.4020548575054081,-1.6303075323106504,0.3428640387048954,-0.3937329627163438,-1.3852474902858243,0.7635670295178747,0.25897267409462416,-0.4957552963112176,Recreation,Afternoon,Basic,White,Yes,0.0
0.38193446442781964,Other,Australia,Melbourne,0.7878614989102335,1.508174642670903,0.4614926905447222,1.5278254288457545,1.0573261297039411,-0.21724055835907805,1.4905503144868555,1.3526725834329467,1.5094853232949899,1.5745800106856251,Competition,Afternoon,Free,Black,Yes,0.0
-1.2461577669060369,Female,UK,Birmingham,-0.3465447763168492,-1.5548003665360448,-1.2794036255765922,-1.95025403420277,0.3880763302289312,-0.41778398218777063,-1.6321939478601,1.3526725834329467,-0.07297523146279654,0.7020155661035916,Recreation,Afternoon,Basic,Black,Yes,0.0
-0.6871606925777262,Female,USA,Chicago,0.5280113032986817,1.4879670464671757,2.033341281104786,2.0910199543462693,1.26623632309835,-1.8488437903556207,2.1899057446488994,0.7635670295178747,-1.5703704124405715,-1.9279823806355967,Competition,Morning,Premium,Black,Yes,1.0
-0.11991287048315613,Male,USA,New York,0.05132414734561514,-1.1223497847400286,0.15186935754201147,-0.7096739139616753,0.11833246869370008,-0.20505055681974066,-0.6388522111750032,0.7635670295178747,-0.4580463641611468,1.1316305568909557,Fitness,Evening,Basic,Black,Yes,0.0
-1.2461577669060369,Male,USA,Chicago,0.9339382180104066,-1.4930043780427522,0.7658204199602798,-0.21758802597327775,1.028304442337697,-0.8081122387129254,-0.3325964796342398,0.7635670295178747,-0.07297523146279654,1.1813426505377302,Fitness,Evening,Premium,White,Yes,1.0
0.16628489065817217,Male,Germany,Hamburg,1.1251645249814268,-0.2482267600091378,1.223769208322725,0.7326488142742706,0.5279841979652972,-0.5569598976472366,0.6616324588067037,-0.6089708355271841,0.25897267409462416,-0.26248704576728354,Competition,Afternoon,Basic,Black,Yes,1.0
1.1063018754321465,Female,India,Delhi,-1.4003310366547574,-0.8140665399695357,-0.08821573947883858,-1.2332411672544406,-1.5922968720833814,0.9594797736698546,-1.0328793679690755,-1.4873095230677231,-0.4580463641611468,0.787376706609027,Recreation,Evening,Basic,Black,Yes,0.0
-0.8277624448939587,Other,Australia,Melbourne,1.7116616597653909,-1.249534984675043,-1.5680352376830595,-0.8480934792477318,0.2653707859691208,-0.1387017982218079,-0.8895316122483982,-1.4873095230677231,-0.07297523146279654,-1.4885480435824103,Fitness,Evening,Basic,Black,Yes,0.0
0.8155896249369979,Male,UK,Manchester,-0.1647793025346493,0.1667392857385229,-0.30697798635826945,-0.13019954889298344,-0.5557414571272826,0.6023838367798443,-0.19942951250083557,0.7635670295178747,-1.5703704124405715,1.0375661536222718,Recreation,Evening,Premium,Black,Yes,0.0
0.8881520237558846,Male,UK,Manchester,-0.1647793025346493,0.1667392857385229,-0.30697798635826945,-0.13019954889298344,-0.5557414571272826,0.6023838367798443,-0.19942951250083557,0.7635670295178747,-1.5703704124405715,1.0375661536222718,Recreation,Evening,Premium,Black,Yes,0.0
-0.6871606925777262,Male,UK,London,0.5517877485434545,-0.5040411477611757,-1.5457185622505383,-0.8609202558255661,0.9053880883899925,0.23483674389359874,-0.9209844873375495,1.3526725834329467,-0.07297523146279654,1.2430536123723213,Missing,Afternoon,Premium,White,Yes,1.0
-0.11991287048315613,Female,Germany,Berlin,0.1976591954582582,0.060459280739799115,0.6648836592549683,0.36089119808336273,0.6569261309765086,-0.421002124342368,0.24737284049394195,0.11890224108439283,1.5094853232949899,-0.7789794808855943,Competition,Afternoon,Basic,Black,Yes,0.0
-0.04851283305920734,Male,USA,Chicago,-0.9471613552410124,0.5615727412721764,1.6507975981971383,0.86869978145148,2.3131549899213764,-1.2798114848650601,-2.848311716390954,0.7635670295178747,1.5094853232949899,-2.006005207732976,Competition,Evening,Free,Black,Yes,1.0
-1.1768095690178901,Other,Germany,Hamburg,-0.18969693114101582,1.6159170594901133,1.2089199990739383,1.653825728682263,1.73076664926971,-0.9970728229199718,1.7269702537551515,1.3526725834329467,-0.07297523146279654,1.503323424248178,Competition,Evening,Basic,White,Yes,1.0
1.1791684078030877,Other,India,Mumbai,-1.2376102606706996,0.7701134518949939,-0.7002011970380048,-0.13236411224080935,-1.3588344969029762,1.2595606799806764,-0.16315141281431203,1.3526725834329467,-1.5703704124405715,1.175145535354102,Fitness,Afternoon,Premium,White,Yes,0.0
0.09458826567883617,Male,India,Mumbai,0.6524875813215412,-0.32693304681608165,0.42753533044596326,0.1410012785314762,0.0824895521970619,-0.06470571055688104,0.12986401440226197,-0.6089708355271841,-0.9284509915443238,1.5390231632370241,Missing,Morning,Basic,Black,Yes,0.0
-0.7575273526989368,Male,Australia,Melbourne,-0.41620092541643633,-0.0025543984654714234,-1.3468329724110335,-0.7820595149752613,0.23380697888214813,-0.3873445900135231,-0.8692518957510741,-0.6089708355271841,-1.5703704124405715,0.41858722029885836,Recreation,Evening,Premium,Black,Yes,0.0
-0.19120943052252162,Female,Australia,Sydney,-1.2796284435963836,-0.9654613543068102,-1.092664189988254,-1.8869264674058863,0.2051248230499815,0.21453291825819903,-1.6221397389264518,-1.4873095230677231,0.5539255025804781,-1.4412624082958958,Recreation,Morning,Premium,Black,Yes,0.0
1.2521078550527232,Other,India,Mumbai,0.6406694492269971,0.22687873306684467,1.13038188821314,0.833795355126323,-1.3204361897852124,1.0900474540499732,0.88361595642263,-1.4873095230677231,-0.4580463641611468,-1.4296382459604338,Fitness,Evening,Premium,Black,Yes,0.0
-0.967821134277679,Other,India,Bangalore,-0.028552435743161925,0.216016986976454,0.7778123425567876,0.45200527603723767,1.6152784322743432,-1.7082956126106412,0.315194005959205,0.11890224108439283,-0.07297523146279654,0.8329163968252197,Fitness,Morning,Basic,White,Yes,1.0
-1.0376356159090647,Male,India,Bangalore,-1.0178549502708898,0.7535222883707208,-0.8297299834358308,-0.1280359990459381,1.2715954422231341,-0.5270703809451444,-0.17584699447342692,0.11890224108439283,0.25897267409462416,-0.4628071862439859,Fitness,Morning,Premium,Black,Yes,0.0
-0.616666342330344,Female,Germany,Munich,-0.9437929601094496,-0.23891051212912617,-1.0740151103314775,-1.0912568464833265,0.6969687541351749,-0.7099006757083383,-1.1690562245721927,0.11890224108439283,1.2955080648157982,0.5415653102129998,Fitness,Morning,Premium,Black,Yes,0.0
-1.5218043565792725,Other,India,Mumbai,-0.8504828871218243,-0.5277785212358032,0.4826047325324301,-0.4928328083534499,-0.14251905457103298,0.01788855061887228,-0.4186462451759232,0.11890224108439283,-0.9284509915443238,1.53308319771264,Fitness,Afternoon,Basic,Black,Yes,0.0
0.09458826567883617,Other,UK,Birmingham,0.875636895606374,0.6913218273368699,0.3068896595328858,0.8659183286983962,0.3834447455492371,-0.9069522413689346,0.9054562733906053,1.3526725834329467,-0.07297523146279654,1.0375661536222718,Recreation,Morning,Premium,Black,Yes,1.0
-0.7575273526989368,Female,USA,New York,1.9189417254534926,1.0517720314358088,0.18773888342342246,1.3943518227495544,1.9305670063109042,-1.0381863055637228,1.4997089319147205,1.3526725834329467,0.25897267409462416,0.7415426486260581,Fitness,Morning,Basic,Black,No,0.0
0.743106604288856,Female,India,Mumbai,-0.10888518608410382,-0.9815098018758388,-0.8011538913223742,-1.188092276676291,-0.9906436462967044,1.0488794299677364,-1.207526698248214,-1.4873095230677231,0.25897267409462416,1.4254715156432858,Fitness,Morning,Premium,Black,Yes,0.0
0.743106604288856,Other,USA,Los Angeles,0.02679403362670602,0.21873541006893615,1.4853853580545133,0.8194587598061013,-0.020829791934850354,-0.32246846944201796,0.7945706083001753,-0.6089708355271841,0.25897267409462416,1.1937225615170024,Recreation,Evening,Free,Black,Yes,0.0
0.8155896249369979,Other,Germany,Berlin,-0.35917914547227914,-1.0758763154971753,0.01952064199110683,-0.9256961321758292,-0.7940629110830147,0.7393384407708825,-0.9837772516952898,-0.6089708355271841,1.5094853232949899,-1.16924530126457,Fitness,Morning,Free,Black,No,0.0
1.0335094624552033,Female,USA,Los Angeles,-0.49906654584063687,-1.5548003665360448,0.08387912730586376,-1.2275661565920752,-1.2683336761289385,1.1379346857730273,-1.2006258309131328,0.7635670295178747,1.2955080648157982,0.1936723461980679,Recreation,Evening,Premium,Black,Yes,0.0
-2.81927495261586,Other,Germany,Hamburg,-0.29613861336596303,-0.46378377973037044,-0.28706883829999635,-0.6434229546192282,0.03311796142393401,-0.5436475388976385,-0.6302562187115607,1.3526725834329467,-0.9284509915443238,-0.2079699781414351,Recreation,Morning,Free,Black,Yes,0.0
1.3251190523378964,Male,UK,Birmingham,1.7116616597653909,0.11958053835790393,-0.7841227798959863,0.3097812341760908,-1.4625794563322685,1.6815521595500469,0.1780125557638189,0.11890224108439283,-0.4580463641611468,1.2307488875817032,Competition,Morning,Basic,Black,Yes,0.0
-1.2461577669060369,Male,Germany,Hamburg,1.4174120014385279,-1.5600406709888304,1.7509272698103628,0.47692594553426104,0.8820998908339973,-1.745786989872951,0.5029234488327077,0.11890224108439283,-1.5703704124405715,-1.1898026750361959,Competition,Afternoon,Free,Black,Yes,1.0
-0.3334819986721835,Female,Germany,Hamburg,1.4003249878327717,1.696230452252635,-0.7559238150574602,1.442929344721421,1.7068494092296767,-0.9324994152945357,1.4757277434549398,0.7635670295178747,1.067103651125418,1.389302050353652,Competition,Evening,Premium,Black,Yes,1.0
-1.4531696077757001,Female,Australia,Melbourne,0.6524875813215412,-0.2049777479162246,-1.763343875371804,-0.6556110538051568,-0.027633660225799314,0.18180618472282042,-0.5570310908769731,-0.6089708355271841,-1.5703704124405715,-0.010702255399291994,Competition,Morning,Premium,Missing,Yes,1.0
-0.40445261772957364,Female,India,Delhi,-0.19593376211754782,0.5064774546198496,1.3084882040853547,0.8641385612119721,0.9593837875285015,-1.525474173401825,0.8001261262528129,0.11890224108439283,1.2955080648157982,0.09244635695328957,Fitness,Evening,Basic,Black,Yes,1.0
1.1063018754321465,Male,India,Bangalore,0.13685882308428088,-1.6459418694442993,1.3486160034310615,-0.2352685843246069,-1.2090077821461043,1.0296998985153525,-0.1486733639957983,-0.6089708355271841,0.8212898586265683,-1.372594324212161,Competition,Evening,Premium,Missing,Yes,0.0
-1.0376356159090647,Other,UK,Birmingham,0.5517877485434545,-0.9061744253539893,-0.03636914194404481,-0.48345050780013543,0.8408021394157534,-0.22640893312922827,-0.35589509671411185,0.7635670295178747,0.8212898586265683,0.4047735648392714,Recreation,Afternoon,Basic,White,No,1.0
-0.8277624448939587,Male,UK,Birmingham,-1.4003310366547574,1.1200475267718584,-1.0989064965530715,0.002078154516451241,0.4862892258850698,-0.40333540342306995,0.08291695703285774,-0.6089708355271841,1.9025642471026487,-0.15407586787083696,Fitness,Afternoon,Free,White,Yes,0.0
-1.3153385094155594,Other,India,Delhi,-1.4003310366547574,0.6208344360592469,-0.5752325232721093,-0.26860748574798915,0.054706464438721805,-0.4274464494856219,-0.21069066747952317,-0.6089708355271841,-0.9284509915443238,-0.47924790397588785,Competition,Afternoon,Free,White,Yes,0.0
-1.4531696077757001,Male,Australia,Brisbane,-0.022392165182703254,0.9028822044889301,0.5203949833923968,0.8463096243661483,1.0231355849985133,-0.9306693143663456,0.9024595860489285,-0.6089708355271841,-0.4580463641611468,1.2491990347536022,Recreation,Afternoon,Basic,Black,Yes,1.0
-0.897861840447026,Other,India,Delhi,-0.4480007489327326,1.4839156976877355,0.06558165011374331,1.0203792974588555,0.6394338150031667,-1.2009680346534661,1.0307893959214331,0.11890224108439283,0.5539255025804781,0.07783227058093112,Fitness,Missing,Basic,White,Yes,1.0
0.45399789021912035,Male,Australia,Sydney,0.8581131977378413,-0.2826186807351507,1.5773829301280846,0.8086819488374074,0.537504737537056,-0.5204591129298994,0.7236359158785666,-1.4873095230677231,-0.4580463641611468,-0.11594472682743377,Fitness,Afternoon,Premium,Black,Yes,1.0
-1.3843449426205798,Female,UK,Birmingham,-0.016234582997186605,-0.8597142685161953,-1.763343875371804,-1.477341794734339,0.07205118242817717,0.40868540849067697,-1.3236842494058256,1.3526725834329467,-0.4580463641611468,0.8846116972525161,Competition,Afternoon,Free,Black,No,0.0
-1.3153385094155594,Male,USA,Los Angeles,1.1482260387716468,1.4717418475588226,0.6526476248626131,1.6678449354429827,0.6969687541351749,-1.3379034531976808,1.7564278397626496,-0.6089708355271841,0.25897267409462416,-0.5708968288007849,Fitness,Afternoon,Basic,Black,Yes,1.0
-1.5902402497269745,Other,UK,Manchester,-1.4003310366547574,0.5665442879660679,-1.2006372988051792,-0.5662571971955104,-0.01571999361017294,-0.12974443256461707,-0.4348325367066293,-0.6089708355271841,-1.5703704124405715,1.4495002878082,Recreation,Morning,Free,White,Yes,0.0
0.2380761059425596,Male,UK,Manchester,-1.0926322281420477,0.8729570500913586,0.7256631764926033,0.6128458438347175,0.4712063634926676,-0.4859322541543099,0.6015280426243391,-0.6089708355271841,0.5539255025804781,-1.0986157582654779,Fitness,Evening,Basic,Black,Yes,0.0
0.30995992984872417,Male,Germany,Berlin,-0.1772322014755366,0.24041137922092864,0.10665114670240998,0.1081870080565542,-0.09425757810071972,-0.4695977135259797,0.027731328651289463,-1.4873095230677231,-1.5703704124405715,-1.4066111500639742,Recreation,Afternoon,Free,Missing,Yes,1.0
0.38193446442781964,Male,Germany,Hamburg,-0.3465447763168492,0.4406211236308105,-0.18406881315846207,0.060623971841970645,-0.03357842376784202,0.2791036855352552,0.08077330582942271,0.7635670295178747,1.2955080648157982,-2.006005207732976,Fitness,Afternoon,Premium,White,No,0.0
-0.40445261772957364,Female,Germany,Munich,1.8239111395250671,0.23500422854464917,0.6157755570566003,0.9716869974484194,1.4003582764999718,-1.06456377406203,1.0692601184891644,0.11890224108439283,-1.5703704124405715,-0.770059677608464,Competition,Evening,Free,White,Yes,0.0
-0.8277624448939587,Male,Germany,Hamburg,0.6642981368120123,-0.12613779238196438,0.15636770052624122,0.15121063214068658,0.7918092623551171,-0.822340095279746,0.04827368827458408,-1.4873095230677231,0.8212898586265683,-0.18479803480119808,Recreation,Morning,Free,Black,Yes,0.0
-0.7575273526989368,Female,Australia,Melbourne,0.6110907014198119,0.2646470659699486,0.817604642169731,0.7015708742528001,0.7353147860767157,-1.462732582303773,0.643810540575409,-0.6089708355271841,-1.5703704124405715,0.6155829550110143,Fitness,Evening,Free,Black,Yes,1.0
1.2521078550527232,Female,India,Bangalore,-1.0313959142156668,0.38354906015177764,1.6612222898363966,0.72352662841734,-1.3061691113886285,1.0541869080711321,0.7153069947607679,-1.4873095230677231,0.8212898586265683,0.05583662044942476,Fitness,Evening,Free,Black,No,0.0
-1.5218043565792725,Male,USA,New York,-0.4926705574444241,-2.2135833182564872,0.45726007451481165,-1.2134181568378233,0.5270330486800382,-0.7447010868644066,-1.249759948434854,-1.4873095230677231,-0.9284509915443238,-0.6995252582295755,Fitness,Afternoon,Free,Black,Yes,1.0
0.9607924151432629,Male,UK,Manchester,0.7937255088977702,-0.45380323691590263,-0.538023212735355,-0.3315123889856034,-0.5889158472830499,1.2555812236194073,-0.467033494332298,-1.4873095230677231,0.5539255025804781,1.4913913186945333,Recreation,Evening,Premium,Black,Yes,0.0
1.544572051050417,Male,Australia,Melbourne,0.9281156957392882,-1.8497506168828848,-1.763343875371804,-1.6367087990830937,-1.8485426257720399,2.0323710113329025,-1.5685673155138693,0.7635670295178747,-0.9284509915443238,1.3953409175880336,Recreation,Evening,Basic,Black,Yes,0.0
-0.5460479512448121,Other,USA,New York,0.5458466282106696,-1.0261866409755855,-0.5539250316901894,-0.8123997440209948,0.925709489759072,-0.050081431682416536,-0.691051865436714,1.3526725834329467,-1.5703704124405715,-0.025604372460908704,Recreation,Afternoon,Free,White,No,1.0
0.022988302149390624,Male,Australia,Brisbane,1.3604061795255213,1.2195383222411198,-0.16472883599975296,1.2345702360649902,0.9532478508748398,-0.27258656870780573,1.143457803580413,0.11890224108439283,0.25897267409462416,-1.8266491816921684,Competition,Afternoon,Premium,Black,Yes,1.0
0.8155896249369979,Female,Australia,Melbourne,0.28841709979921565,-1.9787676281997415,0.5993079326577729,-0.7644672503165304,-0.6441903031670402,0.27243175936724484,-0.7665116905963675,0.7635670295178747,0.5539255025804781,0.26488221654567506,Competition,Afternoon,Free,Black,Yes,0.0
-0.11991287048315613,Male,UK,London,-1.4003310366547574,-1.1610700321682288,-1.2266451365668773,-2.199503866998373,-0.18368057009356165,0.38935523811217493,-1.8839846476749484,0.7635670295178747,1.2955080648157982,0.17213519079795986,Recreation,Afternoon,Free,Black,Yes,0.0
0.8881520237558846,Other,India,Delhi,-1.3574350077997182,-0.8291948062988285,-1.5309591062382313,-2.0332840773788186,-1.5313222431139417,1.3313088366414902,-1.6870276755288964,1.3526725834329467,-1.5703704124405715,-0.8972086224157568,Fitness,Evening,Basic,Black,Yes,0.0
-0.897861840447026,Male,Germany,Munich,-0.18969693114101582,0.08873431326933479,-1.0005434746437825,-0.48345050780013543,0.8558789716365967,-0.8010170587963076,-0.3598444073428318,0.7635670295178747,1.067103651125418,1.2491990347536022,Competition,Evening,Free,Missing,Yes,0.0
1.617859327933322,Other,India,Missing,-0.010079679374717754,-0.10820574906373621,1.4639762562064849,0.5866889181294103,-1.9248893157909384,1.278394315877259,0.5466166965361621,-1.4873095230677231,-0.4580463641611468,-0.07057231802542313,Recreation,Morning,Premium,Black,Yes,0.0
0.38193446442781964,Other,UK,Birmingham,-0.37815579323823717,-1.1960422759421838,0.4104731353971067,-0.7820595149752613,-0.6564248188147516,0.15016175463787257,-0.6390192026333529,-1.4873095230677231,1.067103651125418,-1.0201796114322006,Fitness,Morning,Premium,Black,No,0.0
0.8155896249369979,Male,UK,London,-0.10888518608410382,-0.7032384631694656,-0.39778820164465695,-0.7972006474735341,-1.1921501060359678,0.9463487913824055,-0.9074689094627955,-0.6089708355271841,1.5094853232949899,0.1070212447264485,Competition,Evening,Basic,Black,Yes,0.0
-0.616666342330344,Female,UK,London,-0.3276180227252778,-0.4372418456840017,0.8649955117965136,-0.042309238882481934,1.0117785909793209,-0.8116645093236055,-0.0031928196725139702,0.7635670295178747,1.2955080648157982,1.3590432467441718,Fitness,Morning,Free,Black,No,0.0
-2.81927495261586,Other,USA,New York,0.39665674967922027,-0.07557561240515272,-1.4585077461610423,-0.5590955381879067,-0.3708639095869247,0.8040671911594794,-0.518878721904611,-0.6089708355271841,-0.4580463641611468,1.3347580306543967,Fitness,Evening,Premium,White,Yes,0.0
1.3251190523378964,Male,India,Mumbai,-0.11508416342007874,-0.9338187799443582,1.9969684570048643,0.40761913268900446,-1.2705801802898453,0.9485409562998288,0.32351895321862156,0.11890224108439283,-0.9284509915443238,0.5483287564400293,Fitness,Morning,Free,White,Yes,1.0
1.2521078550527232,Male,India,Delhi,-0.4798896083883693,1.1375037038651272,0.3546272275933336,0.8373737325446841,-1.070299778719864,1.3030036437724193,0.824048509671355,-1.4873095230677231,-0.07297523146279654,-0.545689739178005,Fitness,Afternoon,Free,Black,Yes,0.0
1.3982008725410255,Female,Australia,Brisbane,0.16728916876657104,0.8683349566688934,-0.14547482883496446,0.6035188028539785,-1.571967295133755,1.542487008958112,0.49629265517473414,0.11890224108439283,-0.9284509915443238,1.125394621783939,Competition,Morning,Free,Black,Missing,0.0
-0.5460479512448121,Other,Australia,Sydney,0.617010290908475,-2.040656288368096,0.8492415611878912,-0.5045897739754115,0.593048251876102,-1.2520487864696033,-0.40744720664579687,1.3526725834329467,-1.5703704124405715,1.3832589031411267,Competition,Afternoon,Basic,Black,No,1.0
-0.967821134277679,Other,Australia,Brisbane,0.1976591954582582,0.6816702306709731,1.344978226390713,1.1148424265081764,1.035547759433192,-1.0664543141700822,1.0847602321306171,-1.4873095230677231,1.067103651125418,1.1937225615170024,Competition,Afternoon,Free,Missing,Yes,1.0
0.598384501533626,Male,UK,London,-0.9303996784842123,-1.1524095508091314,-0.12630548623044724,-1.3020637512551663,-0.7239227790862668,0.1446299853500109,-1.1892110652573804,0.11890224108439283,0.8212898586265683,0.7086191026206251,Recreation,Afternoon,Premium,Black,Yes,0.0
-1.5218043565792725,Male,India,Mumbai,-0.4798896083883693,0.9417104561824381,1.1903093353032244,1.048019003496862,0.4327486953789323,-1.1698387739212806,0.969436052251862,1.3526725834329467,-0.9284509915443238,-0.6132800627246681,Competition,Afternoon,Free,White,Yes,1.0
-0.04851283305920734,Female,USA,Los Angeles,-0.8703926048147242,0.6036384066379451,1.2163489521379272,0.6997372207600441,1.1157568793744967,-1.1197413727142322,0.7917486436623813,1.3526725834329467,-0.9284509915443238,-0.44643197817006014,Competition,Evening,Free,White,Yes,1.0
-1.5218043565792725,Other,Australia,Melbourne,0.2944492633099916,0.6379588293018387,-0.711275394129414,0.2461575447246708,0.19084685045003696,-0.607286361247278,0.2813036801730276,1.3526725834329467,-0.9284509915443238,-0.29393187250728636,Fitness,Missing,Premium,Missing,Yes,1.0
1.0335094624552033,Other,UK,Birmingham,-1.12001319509664,0.2512022039737648,-0.459492354831015,-0.4530991989608501,-0.8491072464473386,0.8427626417658064,-0.3378530075286063,-1.4873095230677231,1.067103651125418,-1.0201796114322006,Recreation,Morning,Premium,White,No,0.0
0.5261484614349969,Male,UK,Manchester,-1.2796284435963836,-0.6887947862375904,-0.40289365378816117,-1.267483853596618,-0.5319488773470668,0.6084545369448561,-1.260387469166625,-0.6089708355271841,0.25897267409462416,0.534794824443448,Fitness,Afternoon,Free,Black,Yes,0.0
1.1791684078030877,Other,USA,Los Angeles,-1.4003310366547574,0.10559239483467804,1.3776456367156404,0.27409223049794845,-1.176331564020827,1.1109561924773994,0.16797973338621303,1.3526725834329467,1.067103651125418,0.33523479180403193,Missing,Morning,Free,Black,Yes,0.0
-2.81927495261586,Female,Germany,Berlin,0.5755324385791339,-0.10820574906373621,0.12931396096501233,0.11846525243148581,-0.2751941796177481,-0.19897028517104967,0.0955678561434092,1.3526725834329467,-0.4580463641611468,-0.4957552963112176,Fitness,Morning,Premium,Black,Yes,1.0
0.38193446442781964,Female,India,Mumbai,-0.37815579323823717,0.31000335802581985,-0.5116673980654384,-0.17368528130389244,-0.6290117138712853,0.2402317252120274,-0.19266797068767721,-1.4873095230677231,0.8212898586265683,-0.22348133455628427,Recreation,Morning,Basic,Black,No,0.0
-0.6871606925777262,Female,Australia,Melbourne,0.5517877485434545,-0.7028288434227233,0.9353683187562841,0.07307698052453347,1.138853141079859,-1.4399531689161573,0.10638935033167578,0.7635670295178747,0.5539255025804781,0.07051038251970641,Missing,Morning,Basic,Black,Yes,1.0
0.09458826567883617,Female,UK,Birmingham,0.09415305459436919,-1.874712209456126,0.34165252020700243,-0.9624518913488812,-0.17219670783195776,-0.7237845522800862,-0.9658869310181161,0.7635670295178747,0.8212898586265683,-0.123547255928319,Recreation,Morning,Free,Black,Missing,0.0
-1.5902402497269745,Female,USA,Chicago,0.752639827348122,0.2673302577703645,0.3156028887237105,0.5226230571340357,1.1021465619660045,-0.6839977898083881,0.42648793433128473,-0.6089708355271841,-1.5703704124405715,-0.5289749524023787,Fitness,Evening,Free,Black,Yes,1.0
-1.4531696077757001,Female,USA,New York,0.5933203289962897,-1.1138318058398409,2.235160654131669,0.662933242449842,0.9696235214673166,-1.6885747910011013,0.604240609384062,0.11890224108439283,-0.9284509915443238,0.157731175463768,Competition,Evening,Free,Black,Yes,1.0
0.16628489065817217,Male,India,Bangalore,-1.4003310366547574,-0.8405981043247186,-0.9704375855922348,-1.7675805083235432,-0.4747688191162241,0.02361576314471503,-1.6053390525466738,-1.4873095230677231,-0.9284509915443238,1.2798573514802423,Recreation,Morning,Free,Black,Yes,0.0
-0.40445261772957364,Male,Germany,Munich,1.7958948631653848,-2.040656288368096,1.556262790864432,0.3432574496752617,0.8599057157423671,-1.986913888560631,0.37131767581044517,-0.6089708355271841,1.067103651125418,-1.4647427191223834,Competition,Evening,Basic,White,Yes,0.0
-1.0376356159090647,Other,India,Delhi,-0.059394462372137594,0.10839438187716391,-1.2528978616996251,-0.5140187845678085,1.5414649161918113,-0.03551463035604427,-0.5187592395945462,0.7635670295178747,0.25897267409462416,-0.9722672844285623,Recreation,Afternoon,Free,Black,Yes,0.0
1.0335094624552033,Female,UK,London,-1.0858031654911116,1.0871380069198855,-1.763343875371804,-0.13236411224080935,-1.3507906913713277,1.52885567486688,-0.14575531125504662,1.3526725834329467,0.8212898586265683,1.2307488875817032,Fitness,Afternoon,Premium,Black,Yes,0.0
-0.04851283305920734,Other,India,Delhi,0.4564877985483986,2.0441835371559622,0.3933544153207137,1.8488788447045157,1.4485590641070698,-0.4582042010097132,1.8413604177073437,0.7635670295178747,-1.5703704124405715,-1.8755712664894333,Competition,Evening,Premium,Black,Yes,1.0
-0.19120943052252162,Male,USA,Los Angeles,-0.2522014155165716,-1.092670530387808,0.474170085607337,-0.6312708028848024,0.2780526845573589,-0.4859322541543099,-0.5134070038034866,1.3526725834329467,0.25897267409462416,-0.7522902973237111,Recreation,Evening,Basic,White,Yes,0.0
-0.19120943052252162,Male,Australia,Melbourne,2.4659126354389254,2.2040303223612927,-1.0989064965530715,2.0676350878932395,2.037645954055946,-0.3366159041862147,2.194937866710454,1.3526725834329467,-1.5703704124405715,-1.317181921779197,Competition,Evening,Premium,Black,Yes,1.0
0.2380761059425596,Male,Australia,Missing,-0.6927532452473395,-0.2482267600091378,1.2311808026853377,0.15936281001038763,0.05903648413354865,-1.0175784079369286,0.017506897483843313,-0.6089708355271841,1.067103651125418,-0.30973661379266176,Competition,Morning,Basic,Black,Yes,1.0
1.3251190523378964,Male,UK,Birmingham,-0.37182687823213695,1.2430202395942616,1.100200524319139,1.2678640838301958,-0.981701279812217,1.1234361467049634,1.2865823214111183,1.3526725834329467,-0.07297523146279654,-1.0689324344593898,Competition,Afternoon,Free,Black,Yes,0.0
-1.2461577669060369,Male,Germany,Hamburg,0.1307654264644915,-0.25445254740707396,-1.0678243891720562,-0.6653876290168885,1.2544607608250564,0.08884342054985404,-0.6197962669031611,0.11890224108439283,-0.4580463641611468,-2.006005207732976,Recreation,Evening,Premium,Black,Yes,1.0
1.4713522244494153,Male,India,Bangalore,0.7643875793204931,-1.009846591060632,0.3459811088518945,-0.2663771869536942,-1.7302687046136318,1.7099704873727775,-0.15558597429755708,-0.6089708355271841,-0.4580463641611468,0.9039034059309293,Fitness,Morning,Premium,White,No,0.0
0.8881520237558846,Female,UK,Birmingham,-0.6148451270254334,-0.6887947862375904,-0.13108995469724494,-0.8532191477825144,-0.8152561126881223,1.1728728752919697,-0.691147488095018,-1.4873095230677231,0.25897267409462416,0.157731175463768,Recreation,Morning,Basic,Missing,Yes,0.0
0.30995992984872417,Other,Australia,Sydney,0.4564877985483986,-1.62408988837347,0.4826047325324301,-0.6191542849841118,-0.30946761342566276,0.1070681421507,-0.517303508940207,-0.6089708355271841,-1.5703704124405715,0.07783227058093112,Recreation,Afternoon,Free,Black,Yes,0.0
1.544572051050417,Male,India,Delhi,-1.0858031654911116,-0.09036855956787682,0.49523146505538923,-0.25079602254224903,-1.8250093379949832,1.7685147754345039,-0.37679917302904353,0.11890224108439283,-0.9284509915443238,0.8652690320233615,Recreation,Evening,Free,Black,Yes,0.0
-0.47530895989914296,Female,Australia,Sydney,-0.6472337547847897,-0.014134447402383373,0.6730260138834354,0.03979695426365348,0.7057956224499414,-1.2342969791237948,0.019788104261726388,-1.4873095230677231,0.25897267409462416,0.22226212516593977,Fitness,Afternoon,Premium,Black,Yes,0.0
1.1791684078030877,Female,India,Delhi,1.6215011879273793,0.19693182089708847,1.2089199990739383,1.1471217419004323,-0.8220590736143443,1.032904406657322,1.1743248849794485,0.7635670295178747,0.5539255025804781,0.4872015751768934,Competition,Morning,Premium,Black,Yes,0.0
-1.4531696077757001,Other,Germany,Munich,-0.22716306143722098,-2.040656288368096,-0.13587965472755195,-1.477341794734339,0.4636807205114472,-0.47285914322500444,-1.2854784489625775,0.11890224108439283,-0.9284509915443238,-1.6800381620376361,Competition,Morning,Premium,Black,Yes,1.0
1.1063018754321465,Other,India,Mumbai,0.6878966798223635,0.6671508272770773,0.6567293135091485,0.9384073145596347,-0.5527765625191747,0.6875902186685996,0.8889168602565894,1.3526725834329467,1.5094853232949899,0.2719553029455123,Fitness,Morning,Basic,White,Yes,0.0
-0.8277624448939587,Male,USA,Los Angeles,-1.4003310366547574,0.9666545190540942,0.8649955117965136,0.6721577398086195,1.6875411016365516,-1.6951386444264593,0.6446802441723942,-0.6089708355271841,1.9025642471026487,0.215128077504045,Competition,Evening,Basic,White,Yes,0.0
-1.5218043565792725,Female,USA,Los Angeles,1.1020781819118,0.10278821836836409,0.010253039984423153,0.394034100702889,0.8267638460733574,-0.09856161554375098,0.28608977531004437,-1.4873095230677231,-1.5703704124405715,-1.1085857245062902,Fitness,Afternoon,Free,Black,Yes,1.0
1.617859327933322,Female,India,Bangalore,-1.4003310366547574,1.4104199657482515,-0.9644507942397189,0.3275314859580362,-1.906405671606309,1.7330189621257253,0.2670278510934579,-0.6089708355271841,-0.4580463641611468,1.292088852005052,Competition,Evening,Basic,Black,Yes,0.0
0.45399789021912035,Other,USA,Missing,-0.6537238743475421,-1.0633576344201463,-1.4728247614282952,-1.842034491442938,-0.2983421248339616,0.9419600478015596,-1.8104325933712175,0.7635670295178747,1.067103651125418,0.5753127817140757,Fitness,Morning,Basic,Black,Yes,1.0
-1.3153385094155594,Male,USA,New York,-0.2084164163885592,-0.40438692382745006,-1.5531335267710893,-1.1159126657033995,-0.12843065945300844,0.20501834432596372,-1.1752498699589902,0.11890224108439283,-0.9284509915443238,-0.7968906869468054,Recreation,Evening,Basic,Black,Yes,1.0
-1.0376356159090647,Male,India,Delhi,-0.9504977772208816,-0.07852905616150169,-0.8239954145364123,-0.8404175164398976,0.7382748485777348,-0.14468530092697923,-0.8441847083458739,-1.4873095230677231,0.25897267409462416,0.774311663988102,Recreation,Morning,Premium,White,Yes,0.0
-0.19120943052252162,Other,Australia,Sydney,-0.3024280427857738,-1.258576478965622,0.8807069907720777,-0.5045897739754115,0.064237928348486,-0.9379946323496976,-0.3745573738395632,1.3526725834329467,0.8212898586265683,0.3631456533222243,Recreation,Morning,Free,White,Yes,0.0
-0.897861840447026,Male,Australia,Brisbane,-1.0381753639314202,-0.21944220609452633,-1.1941726900688476,-1.0586368854251682,0.7758971798183428,-0.6394948474350636,-1.1074584036185902,-1.4873095230677231,-0.07297523146279654,1.1066571799230502,Fitness,Morning,Premium,Black,No,1.0
-1.3153385094155594,Female,Germany,Hamburg,-0.39716291471157034,-0.18051861934959135,-0.7671757836037979,-0.6874706430024597,0.3778922697759436,0.10427027032420755,-0.7741157851915563,-0.6089708355271841,-0.07297523146279654,-0.8972086224157568,Fitness,Evening,Free,Black,Yes,1.0
0.8155896249369979,Male,UK,London,1.7397704073454705,0.6208344360592469,0.5412741269100859,1.1741671977098098,0.03915239445162753,0.08321742495084879,1.2666501809212192,-1.4873095230677231,0.8212898586265683,-0.0032672367743981946,Competition,Morning,Free,Black,Yes,0.0
0.2380761059425596,Female,Australia,Missing,-0.8306180224179479,-0.019938998511551235,-0.8934693698745955,-0.7745104807737732,0.28803963425935675,0.1293739173216969,-0.6517921544116013,0.7635670295178747,-0.9284509915443238,1.377211462617694,Recreation,Evening,Free,Black,Yes,0.0
-1.5218043565792725,Other,USA,Chicago,-0.46074549092040973,1.255779668314435,-0.6074237583831903,0.5735621069400139,1.1199502697190797,-0.14318852915708763,0.4418367479281099,-1.4873095230677231,-1.5703704124405715,1.3043023424645261,Competition,Morning,Basic,Black,Yes,1.0
0.022988302149390624,Male,Australia,Brisbane,0.06357371803876354,0.3469525969502698,-0.35212912942038077,0.07307698052453347,0.9358948873388321,-0.24788856282124652,0.1111554405741323,0.11890224108439283,-0.07297523146279654,-1.707788475297589,Recreation,Afternoon,Basic,Black,No,0.0
0.5261484614349969,Other,Germany,Hamburg,0.6702005860223057,0.861392617469604,-0.4285197302929091,0.6499923815458967,-0.01827563175585499,0.035043467984762156,0.6656420778616392,-1.4873095230677231,1.5094853232949899,1.322589062021321,Fitness,Morning,Free,Black,Yes,0.0
0.6707043991410716,Male,Germany,Berlin,0.37266476449827374,-0.27320246669269005,-0.7447081902667371,-0.45542631582355697,-0.8964729006294899,0.42023256599559095,-0.38913403442405314,-0.6089708355271841,-1.5703704124405715,1.2981978412305857,Fitness,Morning,Free,Black,Yes,0.0
1.1063018754321465,Female,UK,Missing,0.22191245257395892,0.00610540730718408,0.2498800220357788,0.13691155797999077,-1.3631095206909511,0.7660751223799347,0.11036668749920661,-1.4873095230677231,1.5094853232949899,0.1505152387260963,Fitness,Evening,Basic,White,Yes,0.0
0.45399789021912035,Other,UnknownLand,Brisbane,-1.3432101355832298,-0.32056434113265125,0.26749120054773534,-0.6336983725549845,-0.8885253622908875,0.44448544779464494,-0.49500982197281623,0.7635670295178747,1.2955080648157982,1.2859753602839994,Recreation,Evening,Premium,Black,Yes,0.0
1.617859327933322,Male,USA,Los Angeles,0.5458466282106696,-0.4438555471884506,-1.2860706037935332,-0.7270275242770281,-1.7031951437962973,1.8700350164499624,-0.8385307239880112,1.3526725834329467,-0.07297523146279654,-1.1898026750361959,Fitness,Morning,Free,Black,Yes,0.0
0.9607924151432629,Female,USA,New York,-0.15855726029490946,0.5341194194491765,-1.1620679473625115,-0.15406580094448288,-0.9604960217616672,1.4071278297907641,-0.16241773033138474,-1.4873095230677231,-0.4580463641611468,-1.1590318198448375,Recreation,Afternoon,Premium,Black,Yes,1.0
0.30995992984872417,Other,India,Delhi,-6.173368926550225,1.540338335542185,1.4353238698278377,0.4097250170464234,0.8538665873066291,-1.4523634123387763,0.2592786644990465,-1.4873095230677231,1.5094853232949899,0.37010333794106276,Competition,Morning,Basic,Black,No,1.0
0.5261484614349969,Other,USA,New York,-0.12749066136540974,-0.7286978421713983,-1.1114305960916104,-1.160160384178307,-0.5911156748282521,0.35037318201772594,-1.1177661960328205,0.11890224108439283,1.2955080648157982,-1.5747484700997405,Recreation,Morning,Free,Black,Yes,1.0
-0.897861840447026,Male,UK,Missing,-0.1026890419379855,-0.6565673391091379,1.626412450330259,0.31965017325107675,1.1063313870642073,-1.468966038913371,0.3940865681165155,0.7635670295178747,-0.9284509915443238,1.1813426505377302,Competition,Afternoon,Premium,White,Yes,1.0
-0.04851283305920734,Male,UK,Manchester,0.16728916876657104,-2.040656288368096,-0.6453390789057102,-1.5890115228924644,-0.058121013947200935,-0.3969311219650943,-1.4555163207892512,1.3526725834329467,-0.4580463641611468,-0.32559737586158355,Recreation,Evening,Premium,White,No,0.0
-1.5218043565792725,Male,USA,Los Angeles,-0.4926705574444241,-0.5897141591867459,0.2981612708699205,-0.5069450670147769,-0.12843065945300844,-0.26949052442774457,-0.6295937680755638,-0.6089708355271841,-1.5703704124405715,1.401375518103847,Competition,Morning,Premium,Black,Yes,0.0
1.2521078550527232,Male,India,Mumbai,-0.5567991264734805,0.27536834656275533,-1.2006372988051792,-0.5376834185780683,-1.6408611485733837,1.3088810753048759,-0.5583803820773876,1.3526725834329467,-0.9284509915443238,-0.34949549249446227,Competition,Evening,Basic,Black,No,0.0
0.2380761059425596,Other,USA,Los Angeles,0.48632502634226477,0.6961392823796974,-1.763343875371804,0.033531154188498655,0.056437979540651065,0.5410781892151921,0.12361931838441362,-0.6089708355271841,-0.4580463641611468,-0.34949549249446227,Fitness,Afternoon,Premium,Black,Yes,0.0
0.8155896249369979,Other,India,Delhi,0.6524875813215412,0.5962465253240852,0.9702431103102865,1.0151820290528992,-0.01657203721135992,0.14739692670863103,1.031208936234022,0.7635670295178747,-0.9284509915443238,0.5212326050516983,Fitness,Afternoon,Premium,White,Yes,0.0
-1.5218043565792725,Male,India,Delhi,-0.4671232457296725,-0.5654713787689523,-1.1177125820010434,-1.188092276676291,-0.02848340479691384,-0.17323801482873077,-1.086757016163623,0.7635670295178747,-0.9284509915443238,-0.8239407898682732,Competition,Evening,Basic,Black,Yes,1.0
1.1063018754321465,Male,USA,Los Angeles,0.7643875793204931,-1.080063794580267,0.37617851826558085,-0.28873029785555004,-0.8179792612153973,0.8154950318107799,-0.24667625452489614,1.3526725834329467,-0.9284509915443238,1.2060834869282169,Recreation,Morning,Premium,Black,No,1.0
0.9607924151432629,Other,Germany,Munich,0.2823826748039375,-0.6601299331224302,0.6730260138834354,-0.07427257111295159,-0.5940464842056022,0.9877501735958771,-0.02693068991748684,-0.6089708355271841,1.067103651125418,0.22938732251176266,Missing,Evening,Premium,Black,Yes,0.0
-0.19120943052252162,Female,Germany,Munich,-0.003927444570542248,0.216016986976454,-0.7447081902667371,-0.21317864485818352,0.3144642041669014,-0.6292954056337173,-0.19454739995081863,0.7635670295178747,1.2955080648157982,0.4323702245789292,Recreation,Morning,Basic,Black,Missing,0.0
-1.3153385094155594,Male,India,Delhi,0.6583938035975602,-0.33012223225747195,-0.16472883599975296,-0.13236411224080935,0.16153138856524707,-0.1000406188048398,-0.2183871707031999,1.3526725834329467,-1.5703704124405715,-2.103057681583375,Recreation,Morning,Premium,White,No,1.0
1.544572051050417,Male,USA,New York,-1.0858031654911116,0.7653797175058076,-0.03636914194404481,0.1837384195045986,-1.777889771928961,1.76094482369335,0.24793745413454246,0.7635670295178747,-0.4580463641611468,-0.7968906869468054,Recreation,Afternoon,Premium,Black,No,1.0
-0.19120943052252162,Other,Germany,Munich,0.3004791724274903,0.13907319388602138,1.3158026312009559,0.7617379736158283,1.3146166948644276,-1.8217297827524699,0.7976831434800518,0.7635670295178747,0.8212898586265683,-1.2209773763785412,Fitness,Morning,Premium,White,Yes,1.0
0.38193446442781964,Male,USA,New York,-1.3361110970378829,0.43266917626668516,0.2100230097696887,-0.059329239913601034,-0.2252426124127973,-0.01955711539450148,-0.02094082219974901,0.7635670295178747,0.25897267409462416,0.18650240846586702,Recreation,Morning,Basic,Black,Yes,1.0
-0.26240001513565236,Female,USA,Chicago,-1.4003310366547574,-1.2767715224221394,0.6608079890843348,-1.0694782934895026,0.6394338150031667,-0.35872734286202,-0.8804419203928128,0.11890224108439283,-0.4580463641611468,-2.027717072260276,Fitness,Evening,Premium,White,No,0.0
1.0335094624552033,Other,USA,Chicago,1.044252202782409,-0.32374708637653454,-0.6398984580840669,-0.18900319816983932,-0.808436783519965,1.2734490808959729,-0.13000489376332242,-0.6089708355271841,1.2955080648157982,-1.0689324344593898,Fitness,Afternoon,Basic,Black,Yes,0.0
-0.26240001513565236,Male,Australia,Sydney,0.27030701178425526,-0.384841560119771,1.5844085437593711,0.5716841967265792,0.5661650511405111,-1.423461508641099,0.5416151304642313,1.3526725834329467,0.5539255025804781,1.4254715156432858,Fitness,Morning,Basic,Black,No,1.0
0.09458826567883617,Other,USA,Los Angeles,2.3891939941360665,1.1980892276923587,-0.4698712819555765,1.4219263146560808,0.6113638781716279,-0.028252673646687654,1.5384130195010821,1.3526725834329467,-1.5703704124405715,0.6622603206671145,Competition,Morning,Free,White,Yes,1.0
-1.5218043565792725,Male,Australia,Sydney,2.6078992439701625,0.9348831483716191,0.6321937148642235,1.677173968985407,1.3481395134603056,-1.3318570813220967,1.6517817110213446,-0.6089708355271841,-1.5703704124405715,-0.5123305654148422,Competition,Afternoon,Free,Black,Yes,1.0
0.598384501533626,Male,India,Bangalore,-1.4003310366547574,-0.9815098018758388,0.8963763909120563,-0.736977434398641,-0.5132441458130552,0.4824393585362766,-0.723068752492604,-0.6089708355271841,0.25897267409462416,0.5820415048577332,Fitness,Missing,Premium,Black,Yes,0.0
0.16628489065817217,Male,Germany,Berlin,-0.0841175007482811,-1.1095843568211365,-1.6752095618064815,-1.6689121551461283,-0.39498789389536065,0.6602213200102528,-1.5173296986092788,-0.6089708355271841,0.8212898586265683,0.43925032522385243,Competition,Afternoon,Basic,Black,Yes,0.0
-1.2461577669060369,Female,Germany,Hamburg,-1.4003310366547574,-2.040656288368096,0.8767830811561126,-1.3049609430257538,0.15003200364473618,-0.5254165167396136,-1.2819297853863203,-0.6089708355271841,-0.4580463641611468,1.2614760754374241,Recreation,Afternoon,Free,Black,Yes,0.0
1.2521078550527232,Female,Germany,Berlin,-0.6277882721111184,-2.040656288368096,-1.6440526562630762,-2.6662105523317483,-1.722104473341605,1.8942618160059823,-2.2060741505810237,-1.4873095230677231,1.067103651125418,-0.41387360760936237,Recreation,Morning,Premium,Black,Yes,0.0
-1.4531696077757001,Other,Germany,Berlin,-0.3465447763168492,-1.0302887639034506,0.8452963907130292,-0.41834216814549596,-0.17630178010690759,-0.6208158904063993,-0.35657257137109805,1.3526725834329467,-0.9284509915443238,-0.1311615537896093,Missing,Morning,Free,White,Yes,0.0
0.6707043991410716,Male,Germany,Berlin,-1.4003310366547574,-2.040656288368096,-0.9051918887110258,-2.680501377863122,-0.7699460282191176,0.996399581336407,-2.265030618754726,-1.4873095230677231,0.25897267409462416,0.9167365244508796,Recreation,Evening,Free,Black,Yes,0.0
-1.5902402497269745,Male,Germany,Berlin,-1.051752422787427,-1.0261866409755855,-0.711275394129414,-1.611181122048235,-0.25029723896578326,0.18043609335481964,-1.3363041052957614,0.7635670295178747,-1.5703704124405715,1.1004014296966713,Fitness,Morning,Basic,Black,Yes,1.0
-1.3153385094155594,Female,Germany,Berlin,0.039064276913565364,-1.009846591060632,-0.13587965472755195,-0.8073268972510346,-0.5192408056727058,-0.4974073122301633,-0.8522245111684342,0.7635670295178747,0.25897267409462416,-0.7611633727687469,Fitness,Morning,Basic,White,Yes,1.0
-0.7575273526989368,Male,India,Bangalore,0.10026134850425765,0.4913190978309882,-0.04575135861716249,0.32359236306492534,0.925709489759072,-0.7012476842587978,0.3538788690064839,1.3526725834329467,1.2955080648157982,-0.03307160661764249,Recreation,Afternoon,Free,Black,Yes,0.0
-0.3334819986721835,Female,USA,New York,0.8522685101827162,-0.06967639640269586,1.0432085539363614,0.6666249330714541,0.6617945685679064,-1.479375122509173,0.6588383347519434,0.7635670295178747,1.2955080648157982,0.8781698331706375,Competition,Morning,Free,White,Yes,1.0
-0.8277624448939587,Male,UK,London,-0.5890072884475747,-0.7507097185375389,0.7175973083129247,-0.41372890608931656,1.3167746783896446,-1.0288063451258633,-0.4698124170471589,-0.6089708355271841,1.9025642471026487,-1.8266491816921684,Recreation,Evening,Basic,White,Yes,0.0
0.09458826567883617,Other,Australia,Sydney,0.5458466282106696,-0.30469850308697244,-1.0802185898283876,-0.5424322757581884,-0.04290393830332282,-0.07938782197440596,-0.6332990278472089,-1.4873095230677231,-0.9284509915443238,1.2491990347536022,Recreation,Afternoon,Premium,Black,Yes,1.0
0.8155896249369979,Male,UK,Manchester,0.4982455419951372,0.6330734029897824,-1.763343875371804,-0.016894022872845155,-0.9887301231159392,0.7509892764127267,0.0580375822850102,-0.6089708355271841,-0.4580463641611468,0.4461228736774754,Fitness,Evening,Basic,Black,Yes,0.0
-0.8277624448939587,Male,UK,Birmingham,-1.4003310366547574,0.4684726755371606,0.4910259069116867,0.08963110495668515,1.035547759433192,-1.1466423773262724,0.08793678930170558,0.7635670295178747,1.2955080648157982,-1.8109624399161055,Fitness,Afternoon,Free,Black,Yes,0.0
0.45399789021912035,Female,USA,New York,0.3366116767723158,0.00610540730718408,-1.0554808623304095,-0.3724279330567258,-0.45346379631633116,0.7264756946892693,-0.29834040493375547,-1.4873095230677231,1.5094853232949899,-0.32559737586158355,Fitness,Morning,Premium,White,No,1.0
-1.3153385094155594,Male,USA,Chicago,-0.40985146362227115,0.2887271180472483,0.7457774463643869,0.3706614289022304,0.4383593796889314,-1.011975862391447,0.35555097960195853,-0.6089708355271841,0.25897267409462416,0.3839949504790922,Fitness,Afternoon,Free,White,Yes,0.0
0.743106604288856,Male,USA,New York,1.1482260387716468,1.2811963358999123,1.5597873430154172,1.8941124178188082,0.2060185931611297,-0.05738636430860199,1.907789615657575,1.3526725834329467,1.5094853232949899,1.2307488875817032,Competition,Afternoon,Premium,Black,Yes,1.0
-0.11991287048315613,Female,Germany,Munich,1.4458625818686486,1.5623323768765847,-0.8182705773873407,1.3273308130900365,0.6656922803900901,-0.7639708847457003,1.3085240383808039,-0.6089708355271841,0.5539255025804781,-1.2846383545921807,Competition,Morning,Free,Black,No,0.0
1.1063018754321465,Other,India,Bangalore,0.10026134850425765,0.9643926435426926,0.5412741269100859,0.9384073145596347,-1.2733846380552545,0.7983385356321675,0.9033169318082914,0.7635670295178747,-1.5703704124405715,0.6954056923073313,Competition,Morning,Premium,Black,Yes,0.0
-0.7575273526989368,Other,Germany,Munich,1.411717724709981,0.6525805405228984,0.5951832368459237,1.119951022508732,1.9915876683597094,-1.6842042921555338,1.2220513405921871,-1.4873095230677231,1.2955080648157982,-0.3976882870916983,Fitness,Evening,Premium,White,Yes,1.0
1.691213061789767,Female,India,Delhi,-1.4003310366547574,0.7889960445599494,-0.12152622964768411,0.07514935472150196,-1.8846856974564297,1.8019224242371712,-0.07118243989415517,1.3526725834329467,0.25897267409462416,0.8717222854456417,Fitness,Evening,Free,Black,Yes,0.0
-1.4531696077757001,Female,India,Mumbai,0.13685882308428088,0.23229770363413307,-0.2475339153458174,0.052304011705299545,0.3834447455492371,-0.21724055835907805,0.14717953317759983,-1.4873095230677231,-0.9284509915443238,-1.549625311225991,Fitness,Morning,Premium,Missing,Yes,1.0
-0.26240001513565236,Female,UK,Birmingham,0.18551835909504968,0.8544391921737232,0.5827903231719729,0.8996269308130239,0.9819329378726939,-0.8491529174191509,0.994215053224125,1.3526725834329467,-0.07297523146279654,0.16493780869865127,Competition,Morning,Basic,Black,Yes,1.0
0.5261484614349969,Female,UK,Birmingham,0.4146282463538743,0.22145183918397024,-1.763343875371804,-0.39762092613687405,-0.22199827065607505,0.4710965835623261,-0.27732435039976694,-1.4873095230677231,-0.4580463641611468,-1.8109624399161055,Fitness,Morning,Free,White,Yes,0.0
-1.3153385094155594,Female,India,Bangalore,-0.791019544905799,0.3809465112765096,-0.5966622725697017,-0.2909717655172594,0.8408021394157534,-0.3068102187522141,-0.30937415049936134,0.7635670295178747,-0.4580463641611468,-0.34949549249446227,Recreation,Afternoon,Basic,Black,Yes,0.0
0.022988302149390624,Other,India,Bangalore,-0.5054662339199003,-1.267655169905406,-1.5755225227242386,-1.9824523274070542,-0.3284650740984875,0.5620450970298444,-1.7566018955079454,1.3526725834329467,-0.9284509915443238,-1.3062781116530329,Recreation,Afternoon,Free,Black,Yes,0.0
-2.81927495261586,Female,Germany,Berlin,-0.2459372004971191,-1.2270910181584258,-1.1366394676311737,-1.5953299821585543,-0.9449621469003688,0.5174926939209098,-1.6376918549312864,-1.4873095230677231,1.067103651125418,-0.6047654262078126,Recreation,Missing,Premium,Black,Yes,0.0
-1.1073002361975683,Male,UK,Manchester,-0.09649572015397123,-0.46378377973037044,-1.0740151103314775,-0.9256961321758292,0.37696743260920373,-0.05884907904821272,-0.9711324332785616,-1.4873095230677231,0.25897267409462416,-0.5708968288007849,Recreation,Evening,Premium,Black,Yes,0.0
0.022988302149390624,Female,USA,New York,-1.4003310366547574,1.0228333525127313,0.2454674006288439,0.43853674673751053,0.593048251876102,-0.956365434539184,0.5177686462277925,-0.6089708355271841,1.067103651125418,-0.8420998731860979,Competition,Morning,Free,White,Yes,0.0
-0.26240001513565236,Male,India,Bangalore,1.5932585389170932,-0.2513381523705004,0.09755554536448263,0.3667555802466039,0.7659735248405802,-0.2004894346367683,0.2248398544850433,1.3526725834329467,-1.5703704124405715,-0.6995252582295755,Fitness,Afternoon,Basic,Black,Yes,1.0
-0.5460479512448121,Female,Germany,Berlin,-0.2522014155165716,0.2860591491068793,-0.3019917093888111,-0.06359390029175643,1.0365831777697359,-0.4761233085487648,-0.07270723340530064,0.11890224108439283,0.25897267409462416,-0.3335490391284641,Fitness,Afternoon,Basic,Black,Yes,0.0
-0.8277624448939587,Female,UK,Manchester,-0.0841175007482811,-1.1741220977507896,2.3115152129615133,0.47118560719126656,1.1768189999668945,-2.1220749085524075,0.34646420019589774,0.7635670295178747,-0.07297523146279654,1.503323424248178,Competition,Morning,Free,Black,Yes,1.0
-0.7575273526989368,Other,Germany,Hamburg,-0.23341803617347226,-0.5448515223769319,-0.9406157772224821,-0.9889246692420482,0.008203902197089122,-0.36348212296056204,-1.0127604974179791,-0.6089708355271841,-1.5703704124405715,-0.545689739178005,Recreation,Morning,Free,Black,Yes,0.0
1.544572051050417,Male,India,Bangalore,0.0451955041438982,-1.0180029964988786,0.17879648579935653,-0.6361273700583123,-2.0247543922150553,1.79776745251054,-0.7418585208369315,0.11890224108439283,-0.07297523146279654,-0.7611633727687469,Recreation,Afternoon,Basic,White,Yes,0.0
1.3251190523378964,Male,India,Delhi,-0.8372347124029424,-0.019938998511551235,-0.5221878528062429,-0.6119013497163154,-1.6579319727436879,1.3371329981756626,-0.5109933599447727,1.3526725834329467,-0.07297523146279654,-1.6938313092706982,Fitness,Missing,Basic,Black,Missing,0.0
1.1063018754321465,Other,Australia,Melbourne,1.1251645249814268,-0.40112073714937574,0.5162093315299185,0.2998929703679984,-0.6585789366186273,1.2054078783581663,0.29497766224641053,0.11890224108439283,0.5539255025804781,-0.9345019677926049,Recreation,Afternoon,Basic,Black,Yes,0.0
0.09458826567883617,Other,USA,Chicago,1.280358826520842,1.742672718084635,1.0010730640916166,2.04269975766232,0.8418061092489361,-0.9324994152945357,2.2109676669168885,-1.4873095230677231,1.5094853232949899,0.7349704040717463,Competition,Morning,Basic,Black,Yes,1.0
1.617859327933322,Other,Australia,Sydney,-0.4926705574444241,2.2287694967533596,0.07016273441268976,1.6585022284197466,-1.6448225245446741,1.5169917800548032,1.742297997802756,-1.4873095230677231,-0.07297523146279654,1.4973593974555464,Competition,Afternoon,Free,Black,Yes,0.0
0.598384501533626,Other,UK,London,-1.0449608516491455,-1.1654124950518396,0.21446761854948035,-1.1518227873431914,-0.7809957729476869,0.4647790171296827,-0.9580836810275907,-0.6089708355271841,0.25897267409462416,1.0186154392052211,Fitness,Afternoon,Free,Black,Yes,0.0
0.022988302149390624,Male,Germany,Hamburg,1.812708276020105,0.7798711141051513,0.3286445062895085,1.2245457016107142,0.6520618068780012,-1.06456377406203,1.233938580754136,1.3526725834329467,0.8212898586265683,0.7152163284139773,Competition,Evening,Premium,Black,Yes,1.0
1.691213061789767,Male,UK,Birmingham,-1.0246224577169105,-1.2004517589080002,1.2975010368794038,-0.47876706845219963,-1.98930675664423,1.4820433205968755,-0.4452172737088594,1.3526725834329467,-0.9284509915443238,-0.9722672844285623,Competition,Morning,Basic,Black,Yes,0.0
1.4713522244494153,Female,India,Bangalore,2.1744095502292393,-1.575848964857249,-0.7057339716241782,-0.47408874743104995,-1.54183443632838,1.8578443063165275,-0.4580815632644238,0.11890224108439283,0.5539255025804781,-1.2846383545921807,Fitness,Evening,Premium,Black,Yes,0.0
-1.0376356159090647,Female,Australia,Sydney,0.8113068837899308,-0.6780110148369135,3.0015440449328152,1.3552098273956181,1.505935056196418,-2.6031913777477564,1.3689341264239532,-0.6089708355271841,-0.9284509915443238,0.588763376555389,Competition,Evening,Free,Black,Yes,1.0
1.1791684078030877,Other,Australia,Sydney,-0.35917914547227914,1.3378954992680803,1.2717912855295206,1.4203077175798775,-1.1233457778061393,0.7498260106856212,1.515692495092823,1.3526725834329467,1.067103651125418,0.4872015751768934,Competition,Afternoon,Free,Black,Missing,1.0
-0.04851283305920734,Other,Australia,Brisbane,0.8989778003833686,1.045110245424923,1.6993138505303342,1.723616097492503,2.3351776626305734,-1.9705872889727005,1.8048140467902756,-1.4873095230677231,1.2955080648157982,0.4461228736774754,Competition,Morning,Premium,White,Yes,1.0
-0.7575273526989368,Other,UK,Missing,-0.9975876896561059,-0.4339403868538133,-0.3672914093228634,-0.9361618296849393,0.5546831602010339,-0.37300936217896474,-0.8175233887731208,0.11890224108439283,0.5539255025804781,1.5627434507284639,Recreation,Afternoon,Basic,Black,Yes,1.0
0.598384501533626,Female,India,Bangalore,1.6045595027551736,-0.3718796725501033,-0.3571769172350705,0.10200959971365825,-0.5087397665392249,0.08040116965231409,0.14759824658692958,0.7635670295178747,0.5539255025804781,1.0186154392052211,Fitness,Morning,Basic,White,Yes,0.0
-0.616666342330344,Female,Germany,Hamburg,0.3486381245577977,-0.9855381176978677,0.45726007451481165,-0.35192265050025157,1.2171256978248386,-0.7307446016499014,-0.4419899195274097,-1.4873095230677231,-0.9284509915443238,-2.0507611086634037,Fitness,Evening,Basic,Black,Yes,0.0
0.8881520237558846,Female,Germany,Berlin,0.7643875793204931,0.5391248499377512,0.8255301261459959,0.9454297974305745,-0.6935541799223347,0.4521093892717332,0.9695902175768154,-0.6089708355271841,-0.4580463641611468,1.1378615810239603,Fitness,Morning,Basic,Black,Yes,0.0
-1.3153385094155594,Female,UK,Birmingham,-1.2655906919045818,0.017618480333845474,0.7095198341995346,-0.11291941005961977,1.165195669941773,-0.6174291654536489,-0.2086633410900309,1.3526725834329467,-0.9284509915443238,-0.3655002167741536,Recreation,Missing,Premium,Black,Yes,1.0
-0.11991287048315613,Female,Australia,Sydney,0.5101579138094882,-0.7068611680742948,-0.21324291426113998,-0.46241522879815583,0.08858952527711333,0.032189875038614965,-0.44463553070953493,-1.4873095230677231,-0.07297523146279654,-0.7611633727687469,Recreation,Afternoon,Premium,Black,Yes,0.0
-0.5460479512448121,Female,USA,Los Angeles,1.0036788927820286,1.0026898141759244,0.7175973083129247,1.3026244195397936,1.9188834094858291,-0.8743391463772489,1.3532969382104942,0.7635670295178747,1.067103651125418,0.26488221654567506,Fitness,Afternoon,Free,Black,Yes,1.0
-0.967821134277679,Other,UK,Manchester,0.5933203289962897,0.8683349566688934,0.5036325691885332,0.9943457083245988,1.704575369939586,-0.5887586079882206,0.8844934699040639,-0.6089708355271841,-1.5703704124405715,1.1440877110962056,Fitness,Evening,Basic,Missing,Yes,1.0
0.022988302149390624,Other,India,Bangalore,-0.6862376800807163,0.19146071598912762,-0.05515315843827133,-0.17368528130389244,1.0159061014421602,-0.04424783362613105,-0.29485460820911263,-1.4873095230677231,-0.07297523146279654,-1.16924530126457,Recreation,Evening,Basic,Black,Yes,0.0
-0.40445261772957364,Other,Germany,Munich,-0.9036775024202185,1.084935632917089,0.6321937148642235,0.794280151027206,0.6103984171803509,-0.5686453351859692,0.6829377030920806,0.11890224108439283,-0.07297523146279654,-0.6561477834815415,Missing,Morning,Premium,Black,Yes,1.0
-0.40445261772957364,Other,UK,London,0.36065580267768044,1.7829750829047066,-4.761209653376842,0.48567383212960363,2.429989619097048,-2.045704923074532,0.4851691864105344,-1.4873095230677231,-1.5703704124405715,1.4913913186945333,Competition,Afternoon,Basic,Black,Yes,1.0
-1.1768095690178901,Female,UK,Birmingham,0.3426260002326643,1.0362126300045797,-0.66171006968851,0.6091169817055908,0.4038544653249338,-0.2756851350178832,0.6603776724010564,0.7635670295178747,0.25897267409462416,1.3043023424645261,Fitness,Evening,Premium,Black,Yes,1.0
0.16628489065817217,Female,Australia,Melbourne,-1.051752422787427,-0.5414289724842446,-0.29701144231988397,-1.004897627850199,-0.2967501444611678,-0.37619035921259997,-0.8983107100652264,-0.6089708355271841,0.5539255025804781,-0.22348133455628427,Recreation,Morning,Basic,White,Yes,0.0
-1.3153385094155594,Male,USA,New York,-0.3402325662797584,1.7484491296183509,-0.33702327542223887,1.1352500672513173,1.2256416324913637,-0.2756851350178832,1.2231149702585677,0.11890224108439283,0.25897267409462416,0.9039034059309293,Competition,Afternoon,Free,White,Yes,1.0
-0.5460479512448121,Other,India,Delhi,0.20372605006191816,-1.2315617735402389,0.08844235510644208,-0.7469519774202432,0.5585078252065988,-0.6343918447455434,-0.779565483393861,-0.6089708355271841,1.2955080648157982,0.3561799967866319,Competition,Evening,Basic,Black,Yes,0.0
0.8155896249369979,Female,USA,Los Angeles,0.5399035176357648,-2.040656288368096,-0.34708761101894764,-1.2304025272148298,-1.005898851254395,1.0679455631603598,-1.2913326582332814,-0.6089708355271841,1.2955080648157982,0.20083323713625834,Recreation,Evening,Basic,Black,No,1.0
0.16628489065817217,Other,Australia,Sydney,-0.7384846259072896,-0.37511506632748987,-0.28210645199671397,-0.7444560223974419,0.057303983479159784,-0.16871523412286848,-0.8520464483173129,-0.6089708355271841,-1.5703704124405715,0.07051038251970641,Recreation,Afternoon,Free,White,Yes,0.0
-0.40445261772957364,Female,Germany,Munich,0.5636640407662087,0.09998184731548472,0.5162093315299185,0.4346821527476265,1.1094717353895183,-1.045705609198573,0.49236894343544263,-0.6089708355271841,1.2955080648157982,0.480373589954219,Recreation,Morning,Premium,White,Yes,0.0
0.38193446442781964,Other,Australia,Melbourne,-0.3024280427857738,0.20784970958662374,1.3267588258554712,0.6351646174419535,0.3714218623426909,-0.3318942823633389,0.6657292240813454,-0.6089708355271841,1.067103651125418,1.094140682353787,Recreation,Afternoon,Premium,Black,Yes,0.0
-0.04851283305920734,Male,India,Bangalore,-0.09649572015397123,0.43266917626668516,-0.9169567719979195,-0.13236411224080935,0.8047688554742602,0.2442726314343455,-0.10200493855579486,0.7635670295178747,-0.9284509915443238,0.37705309049370767,Recreation,Morning,Basic,White,Yes,1.0
-0.6871606925777262,Male,Australia,Melbourne,-0.7581507545568817,-0.022844927137410872,-1.395086715160316,-0.954545858516783,1.1958819918857455,-0.5837206524634114,-0.9646182766947362,-1.4873095230677231,-1.5703704124405715,0.5820415048577332,Recreation,Afternoon,Premium,Black,Yes,1.0
-0.616666342330344,Male,India,Bangalore,2.163351329169109,-1.2270910181584258,0.22777724177106445,0.09169638724607249,0.8257623454132355,-0.4549550374235635,0.03860349096643781,1.3526725834329467,-1.5703704124405715,-1.0689324344593898,Fitness,Evening,Basic,White,No,1.0
-2.81927495261586,Female,India,Mumbai,-1.4003310366547574,-0.7877972912494606,-0.2230120745688469,-1.293386620685426,-0.8991168444488505,0.8472855388746074,-1.0826822768965767,-0.6089708355271841,0.5539255025804781,0.534794824443448,Recreation,Morning,Free,Black,Yes,0.0
0.09458826567883617,Male,India,Delhi,1.8239111395250671,2.11658671211102,1.1791165083168758,2.530772400742109,1.6943503563488367,-1.525474173401825,2.6431668353248736,1.3526725834329467,1.2955080648157982,-1.3613878874033472,Competition,Morning,Free,Black,Yes,1.0
-0.19120943052252162,Female,India,Mumbai,0.7114653979118352,-0.490561696069448,-0.7615452309238829,-0.4857941520607857,0.04951586130080927,-0.34449822425520465,-0.4152884294187895,1.3526725834329467,0.8212898586265683,-0.3735247248741519,Fitness,Morning,Basic,White,Yes,0.0
-0.47530895989914296,Male,India,Bangalore,0.24612823120167124,-0.8674000389353107,0.038000063777743655,-0.5424322757581884,0.34562079402142837,-1.098725774551577,-0.5922409822772049,0.7635670295178747,0.25897267409462416,-0.4957552963112176,Recreation,Evening,Free,Black,Yes,0.0
-0.04851283305920734,Male,Germany,Hamburg,0.22191245257395892,-0.534595825021021,1.9570860048479217,0.675843132302191,1.0750094358310973,-2.0932873399595455,0.5495147767468889,-0.6089708355271841,-0.9284509915443238,1.322589062021321,Competition,Afternoon,Free,Black,Yes,1.0
1.3982008725410255,Female,USA,Chicago,-1.3219393517837768,0.33643211653057375,-1.0187473246006624,-0.6899316989270425,-1.7212844759976815,1.74066163341679,-0.6113893077031365,1.3526725834329467,-1.5703704124405715,1.4254715156432858,Fitness,Evening,Basic,Black,Yes,0.0
-0.47530895989914296,Female,UK,Manchester,-0.35917914547227914,2.0985735617790495,0.6362905850497165,1.780436711525735,1.0583650065902912,-1.8420499213514598,1.8035997088134315,-0.6089708355271841,-0.9284509915443238,1.1004014296966713,Competition,Morning,Basic,White,No,1.0
-0.6871606925777262,Male,USA,Chicago,-0.7057973696131384,-0.1381459414358848,-0.012998361056728509,-0.4160349244335743,0.1606458346310901,-0.9877857105246628,-0.3654983796392644,0.11890224108439283,-1.5703704124405715,1.094140682353787,Recreation,Afternoon,Free,White,Yes,1.0
0.38193446442781964,Female,India,Bangalore,-0.569670648412991,0.7535222883707208,-0.15028034291291276,0.2820450357163235,0.04519487569883703,0.3569002090870243,0.30595666434955054,0.11890224108439283,-0.4580463641611468,-1.2419967760205868,Recreation,Evening,Premium,Black,No,1.0
-0.26240001513565236,Male,Germany,Munich,-0.49906654584063687,-2.040656288368096,0.04260839141894171,-1.4926250022173568,0.6181267117077455,-0.3193316843350512,-1.3824997666723113,0.11890224108439283,0.5539255025804781,-0.5877935090073496,Recreation,Morning,Premium,Black,Missing,0.0
0.45399789021912035,Female,Australia,Melbourne,0.20372605006191816,0.9120490494236018,0.08844235510644208,0.7435753679367031,0.457104416854761,0.14047560510924728,0.7874037981274228,1.3526725834329467,1.067103651125418,1.431484978938146,Recreation,Morning,Basic,White,Yes,0.0
-0.3334819986721835,Other,Germany,Munich,0.3846650627783455,0.7511468259393477,1.5244595701448447,1.3026244195397936,1.2598108175944787,-2.024452900602421,1.3322930811721452,0.11890224108439283,-0.4580463641611468,-0.8420998731860979,Fitness,Evening,Basic,Black,Yes,1.0
1.1063018754321465,Other,India,Bangalore,-0.7253964079088369,-0.7032384631694656,1.035569305074107,-0.24635415347444642,-0.7477207993891768,1.0616027205425769,-0.31559470293007896,0.7635670295178747,1.5094853232949899,1.3347580306543967,Fitness,Evening,Premium,Black,Yes,0.0
-0.7575273526989368,Other,Germany,Hamburg,-0.13369820402559318,1.5463462134622261,0.9933803971147888,1.5230508604111028,1.427705941670781,-1.0683457155626341,1.6035817699885975,0.7635670295178747,1.2955080648157982,0.7152163284139773,Competition,Evening,Free,White,Yes,1.0
-0.40445261772957364,Other,Germany,Munich,-0.3276180227252778,-0.9574755833957239,0.3068896595328858,-0.6776412387393591,0.46180095433542384,-0.6377931164373813,-0.6431051839934676,1.3526725834329467,1.5094853232949899,0.11429413228066668,Recreation,Missing,Premium,Black,Yes,1.0
-0.04851283305920734,Other,India,Delhi,0.17944436166515895,1.016128833901426,1.2163489521379272,1.2943663839481387,0.06597305718286904,-0.7133671273068921,1.2020875438109948,-0.6089708355271841,0.25897267409462416,-0.7789794808855943,Competition,Evening,Premium,Black,Yes,1.0
1.617859327933322,Male,Germany,Berlin,-0.25846873622817934,0.5516112973169754,-1.6752095618064815,-0.33603985790787244,-1.9713131958256425,2.02213878805608,-0.2437258680150396,-1.4873095230677231,-0.07297523146279654,0.17932337360886208,Fitness,Morning,Premium,Black,Yes,0.0
0.6707043991410716,Other,UK,London,-0.6797264142607907,0.511517474405767,-1.2006372988051792,-0.3724279330567258,-0.33792837204907383,0.922137568542326,-0.36862330528572834,-0.6089708355271841,-0.9284509915443238,-0.04803877125622761,Recreation,Evening,Premium,Black,Yes,0.0
1.1063018754321465,Other,UK,Manchester,0.17944436166515895,0.00898723529058083,0.47838909779175104,0.23012439631016848,-0.7456285882168976,1.1015641525260593,0.29211100799645606,-0.6089708355271841,-0.9284509915443238,-0.5373234640517998,Recreation,Morning,Basic,White,Yes,0.0
1.1791684078030877,Other,Germany,Munich,0.6347575291649166,-0.9495151210827252,-0.21324291426113998,-0.56386861995626,-1.5394522219441062,1.0531261113537362,-0.46020766292997883,-0.6089708355271841,0.25897267409462416,0.11429413228066668,Fitness,Missing,Basic,Black,Yes,0.0
-0.40445261772957364,Other,Australia,Sydney,0.9572115865173555,0.9689152483041714,0.5620722147114241,1.2010890926338162,1.395992209593378,-1.3845451813436278,1.1945244879697756,-0.6089708355271841,-1.5703704124405715,0.215128077504045,Fitness,Afternoon,Free,Black,Yes,0.0
-1.0376356159090647,Female,India,Delhi,0.9048087643363145,-1.0591991992287453,-1.5531335267710893,-1.099457075975528,0.8027732613388694,-0.5006921094664645,-1.0459091794061903,-1.4873095230677231,1.067103651125418,0.7152163284139773,Fitness,Evening,Free,Black,Yes,0.0
0.6707043991410716,Male,UK,Birmingham,-1.2655906919045818,1.1200475267718584,0.6362905850497165,0.7271773326889699,-0.26637782978112057,-0.26639699897312996,0.6897010199962971,0.11890224108439283,1.2955080648157982,0.9039034059309293,Fitness,Evening,Free,Black,Yes,0.0
0.598384501533626,Other,Australia,Brisbane,-1.4003310366547574,1.5021209332413166,0.15186935754201147,0.8194587598061013,-0.7650985855672975,-0.09412812391784918,0.7934568731994739,-0.6089708355271841,0.8212898586265683,-1.2419967760205868,Fitness,Morning,Free,Black,Yes,1.0
-0.47530895989914296,Other,Germany,Hamburg,-1.1958686317908502,0.8007554868964338,0.17431907441518998,0.27409223049794845,0.9491605195996891,-0.40814559566384134,0.3427465508850788,0.7635670295178747,0.5539255025804781,-0.15407586787083696,Recreation,Morning,Premium,White,Yes,0.0
-0.3334819986721835,Other,Australia,Melbourne,0.18551835909504968,-1.092670530387808,0.22334472191704455,-0.6022504371003884,0.7669651497015217,-0.8761441495579902,-0.5189362512389275,1.3526725834329467,1.2955080648157982,1.2307488875817032,Fitness,Missing,Basic,Black,No,0.0
0.2380761059425596,Male,USA,Los Angeles,-0.7778580793994724,0.5366229127045431,-0.4907127353176602,-0.1086094262840393,-0.19594901107530918,0.43429421565403037,-0.22243958117240567,1.3526725834329467,0.8212898586265683,0.466695566513068,Recreation,Afternoon,Basic,White,Yes,0.0
-1.2461577669060369,Female,UK,London,-0.146121932453822,0.554103959218488,0.06558165011374331,0.3432574496752617,0.6676421235598173,-0.5486343840947214,0.34289984802341317,0.7635670295178747,-1.5703704124405715,0.157731175463768,Recreation,Afternoon,Free,Black,Yes,1.0
0.8155896249369979,Male,Germany,Munich,1.1424629758486646,1.2045342296490986,-0.7559238150574602,0.9629480677881931,-0.7498115369176342,0.5274430729406605,1.0632724053436673,-0.6089708355271841,0.25897267409462416,1.2430536123723213,Fitness,Morning,Free,Black,Yes,0.0
0.9607924151432629,Female,India,Delhi,1.0326678964916447,-1.8251706514530726,-0.11198327404661673,-0.7896228768051177,-1.6073372937430441,0.974732776174196,-0.743824998208552,-1.4873095230677231,1.2955080648157982,0.6755377786950623,Fitness,Evening,Premium,Black,Yes,0.0
0.743106604288856,Other,Germany,Berlin,-0.8173992845895138,-1.3989420061732192,-0.6507878594403187,-1.7343370819173904,-0.6828892399854193,0.6733383713911508,-1.50361854238494,0.11890224108439283,0.5539255025804781,-0.8603624286587989,Recreation,Evening,Premium,White,Yes,0.0
-0.26240001513565236,Other,India,Delhi,-0.059394462372137594,-1.1351850908822134,-0.41312423326967457,-1.0694782934895026,0.32086326103292984,0.14047560510924728,-0.9455686050522635,1.3526725834329467,0.5539255025804781,-0.8603624286587989,Fitness,Afternoon,Free,White,Yes,0.0
0.09458826567883617,Male,Germany,Berlin,-1.182013652294502,0.8265135532662551,1.4568246714230981,0.9031634619067144,1.2363013789838753,-0.6651087782224484,0.859443968943926,0.11890224108439283,-0.07297523146279654,-0.47924790397588785,Fitness,Afternoon,Basic,Black,Yes,1.0
-1.3843449426205798,Male,Australia,Melbourne,0.20372605006191816,1.170058045698298,-0.7784645058517072,0.6407298246716537,1.0802194668114098,-0.7957038481564523,0.5906199587119253,-1.4873095230677231,-0.07297523146279654,-0.05553884212963834,Fitness,Morning,Basic,Black,Yes,1.0
-0.967821134277679,Female,Australia,Missing,0.8639561549710922,1.540338335542185,0.9002872115702164,1.7405610391571253,1.4025422988524705,-0.9526846834343702,1.8393730923020175,1.3526725834329467,1.5094853232949899,-0.2079699781414351,Competition,Evening,Basic,Black,No,1.0
-0.967821134277679,Female,Australia,Melbourne,-1.140618344286434,-0.9574755833957239,-1.2528978616996251,-1.8973849496267732,0.24730967140127597,0.08884342054985404,-1.732391543298615,0.11890224108439283,0.5539255025804781,-0.8058826563481539,Recreation,Morning,Free,Missing,Yes,0.0
0.022988302149390624,Male,USA,Los Angeles,2.0969099964271076,0.9280452995921694,1.17164353639877,1.7405610391571253,1.3221725210092847,-1.68638900179041,1.8087589494427003,-1.4873095230677231,1.2955080648157982,0.5954784272921324,Competition,Afternoon,Basic,Black,Yes,1.0
-0.19120943052252162,Female,India,Bangalore,0.14903826420514665,0.6525805405228984,-0.15990732610006866,0.42310109462998957,1.099009672630727,-0.3666552474381682,0.4483926029271881,0.11890224108439283,1.067103651125418,1.443499352291951,Fitness,Evening,Premium,White,Yes,0.0
-2.81927495261586,Male,Australia,Brisbane,-0.146121932453822,1.2045342296490986,0.8531840522727847,1.1910077553508913,1.4200382116376191,-1.1601580055788612,1.2558276748627821,-0.6089708355271841,-0.07297523146279654,0.8910478995948449,Competition,Evening,Premium,White,Yes,1.0
0.2380761059425596,Female,USA,Los Angeles,0.9397590641933683,1.0026898141759244,0.27188422861607225,1.1046117931081794,0.9348756066570415,-0.65484336926661,1.054151377947439,-1.4873095230677231,0.25897267409462416,0.28607594820706395,Fitness,Afternoon,Free,Black,Yes,1.0
-0.5460479512448121,Male,India,Bangalore,0.05745021562765794,1.3773997444142754,1.201482313830365,1.5278254288457545,1.3156956042329309,-1.2678909159502287,1.486048614077276,0.11890224108439283,1.2955080648157982,-0.504034369631173,Competition,Morning,Premium,White,Yes,1.0
0.16628489065817217,Male,Germany,Berlin,0.6761011562604444,0.2940574060814193,-1.4872266114701589,-0.15841844342828132,-0.14334630633208925,-0.1387017982218079,-0.2300346623797494,-0.6089708355271841,-0.4580463641611468,1.413431971655559,Fitness,Morning,Free,Black,Yes,0.0
0.45399789021912035,Male,USA,Chicago,-0.6862376800807163,0.5789465740825087,0.962510772618322,0.6091169817055908,0.012489575366348295,-0.27103823151441786,0.5898482191529077,-0.6089708355271841,-0.4580463641611468,1.5627434507284639,Competition,Evening,Basic,Black,Yes,1.0
-0.5460479512448121,Female,UK,London,0.9164656066823815,1.4839156976877355,0.6034295044474105,1.5958636205703176,1.5548321368795022,-1.9173522030636874,1.60097615867699,-1.4873095230677231,-1.5703704124405715,0.9423362755881904,Competition,Afternoon,Basic,Black,Yes,1.0
-1.1768095690178901,Female,USA,New York,-0.022392165182703254,0.28338929152947157,-0.09295905343355051,0.10406961020618591,0.2989571722170651,-0.1476806388910555,0.09636215950351415,0.7635670295178747,0.8212898586265683,0.6155829550110143,Competition,Missing,Basic,Black,Yes,1.0
-0.5460479512448121,Female,USA,New York,0.35464805647618547,-1.6514461094264117,-0.475071147040612,-1.2105952902752903,-0.017423916593099803,-0.14318852915708763,-1.283731919006374,1.3526725834329467,0.5539255025804781,0.9167365244508796,Recreation,Afternoon,Premium,White,Yes,1.0
0.8155896249369979,Male,India,Bangalore,-1.4003310366547574,-0.9061744253539893,1.6542742264886374,-0.21097555951901725,-0.6449112910842049,-0.14468530092697923,-0.2239841762802853,-1.4873095230677231,-0.9284509915443238,-1.3062781116530329,Competition,Morning,Free,Black,Yes,0.0
-0.5460479512448121,Female,Germany,Munich,-1.2097527094873295,-2.040656288368096,-0.24261814911614005,-2.0516662894650155,0.11219339663246973,-0.518808039728436,-1.9096787456006612,-0.6089708355271841,1.067103651125418,1.1565253561976316,Recreation,Afternoon,Basic,Black,Yes,0.0
1.1791684078030877,Female,UK,Manchester,0.9106380317250713,0.5987119707596672,-0.169555718854128,0.6184342648764775,-1.1868904876967212,0.9572949393781564,0.6045457699239428,-0.6089708355271841,1.2955080648157982,-1.2954306745990811,Fitness,Morning,Free,Black,Yes,0.0
0.8155896249369979,Other,Australia,Sydney,1.171262945567245,-0.4939258455414727,-0.6344659549337888,-0.2530186009281024,-0.35678410749301237,0.522471465135111,-0.32226747593951577,0.7635670295178747,-0.9284509915443238,0.6556118542529495,Fitness,Evening,Premium,Black,Yes,0.0
-0.19120943052252162,Male,USA,Chicago,-1.3931580397166738,-0.1411547266844789,-0.9644507942397189,-1.1324425867987078,0.6969687541351749,0.2077393661488615,-0.9612303498546819,1.3526725834329467,-0.9284509915443238,0.5280172668907478,Fitness,Morning,Premium,Black,Yes,1.0
1.3982008725410255,Female,India,Delhi,-0.8173992845895138,1.300170490351189,0.8096682361768726,1.0703791486370184,-1.62175272764196,1.494044819311786,0.9991422686279997,0.11890224108439283,0.8212898586265683,1.2122568697946892,Competition,Evening,Free,Black,Yes,0.0
0.8881520237558846,Male,India,Bangalore,0.39665674967922027,-0.39134292357779643,0.16535175999929932,-0.11939190650284758,-0.9842595122496056,0.8596917514740549,-0.1375212986128689,-1.4873095230677231,-0.07297523146279654,1.5627434507284639,Recreation,Evening,Premium,White,Yes,1.0
-0.47530895989914296,Other,Australia,Brisbane,1.4344864990159365,0.8451506208543091,-0.7447081902667371,0.7707967836063064,1.3894480536857885,-0.8635259213363405,0.8490188200221706,1.3526725834329467,-1.5703704124405715,-0.09320696334202332,Competition,Morning,Premium,White,Yes,1.0
0.598384501533626,Male,UK,Manchester,0.6761011562604444,-2.040656288368096,1.0584583662821976,-0.3541962987996714,-0.29197026596611725,-0.06763749482471537,-0.35339292171482384,1.3526725834329467,1.067103651125418,-1.2001482205711158,Fitness,Morning,Free,Black,Missing,0.0
1.2521078550527232,Female,Germany,Munich,0.6996847472527414,-0.8674000389353107,-0.2181246900262483,-0.4904853002333151,-1.4855185759997123,1.3833355808754872,-0.3938626773842505,-0.6089708355271841,-0.9284509915443238,0.157731175463768,Fitness,Evening,Basic,White,Yes,0.0
-1.2461577669060369,Other,UK,London,-0.7188589818852056,-0.1441662257882507,-0.6344659549337888,-0.7245438744819414,0.03570316152103545,-0.16570306775257454,-0.7029782159464567,0.11890224108439283,-1.5703704124405715,1.0375661536222718,Competition,Evening,Premium,Black,Yes,1.0
0.022988302149390624,Female,Germany,Berlin,0.3125322556393935,-0.6352856891380765,-0.475071147040612,-0.6167352301853468,-0.019978569426267166,0.043590951498025346,-0.6115285786308707,-1.4873095230677231,-0.4580463641611468,1.1813426505377302,Recreation,Evening,Free,Black,Yes,0.0
0.2380761059425596,Other,Australia,Melbourne,-0.2647391755982344,-0.13513986268707034,0.8017208560153185,0.14508757820244073,0.012489575366348295,-0.36348212296056204,0.11014824949952885,-0.6089708355271841,0.25897267409462416,0.34222460677765787,Recreation,Evening,Premium,Black,Yes,0.0
0.09458826567883617,Male,India,Delhi,0.6761011562604444,0.2538950440180759,-0.475071147040612,0.15936281001038763,0.9726986525788632,0.196842900967859,0.1207354752456555,0.7635670295178747,0.8212898586265683,-0.9817855052351651,Fitness,Morning,Premium,Black,Missing,1.0
-1.5218043565792725,Male,USA,Chicago,-0.07793258185570467,-0.10224955460452481,-0.7002011970380048,-0.4764272691907829,0.015921070131667155,-0.4452238286071492,-0.5134644828483943,1.3526725834329467,-0.9284509915443238,0.8588100506975358,Recreation,Evening,Premium,White,Yes,1.0
-1.0376356159090647,Female,USA,New York,-1.3078021186639177,-1.1524095508091314,-0.3571769172350705,-1.611181122048235,-0.02593367844285316,-0.3809667888860972,-1.438964904453371,-1.4873095230677231,1.067103651125418,-0.10835388714255048,Competition,Afternoon,Free,Black,Yes,0.0
0.30995992984872417,Male,Australia,Melbourne,-0.8107971767617796,-1.1394792552496011,0.4868169991476227,-0.8712120680244165,-0.22605328759989304,0.1639542809033846,-0.7219241892163835,-1.4873095230677231,0.8212898586265683,-0.3415150399886007,Fitness,Afternoon,Free,Missing,Yes,0.0
1.0335094624552033,Male,India,Bangalore,-0.88369109372496,0.13629495547193762,0.11119238803902796,-0.20217388366088745,-0.8558283748363494,0.6769069597584059,-0.32524768215133876,-1.4873095230677231,0.5539255025804781,-1.721918573105637,Recreation,Morning,Free,Black,Yes,0.0
-1.4531696077757001,Other,UK,Birmingham,-0.3465447763168492,0.884490932937555,-1.4585077461610423,-0.002131330342317629,-0.022531744301091294,0.16945658529321211,-0.06647331792501893,-0.6089708355271841,-0.9284509915443238,-0.8148992577758472,Fitness,Evening,Premium,White,Yes,1.0
-0.26240001513565236,Male,India,Delhi,1.7397704073454705,-0.3173848013278903,-0.433664915574793,0.15528841671841387,1.2416374307370261,-0.1476806388910555,0.11623795643247367,0.7635670295178747,1.2955080648157982,-1.5372190047623682,Competition,Evening,Premium,Black,Yes,1.0
-1.2461577669060369,Other,USA,Los Angeles,-0.022392165182703254,-0.24511836161728437,0.5203949833923968,0.008385396063070635,0.5786304977840033,-0.605598422027933,-0.026288247698773897,0.11890224108439283,-0.9284509915443238,0.4323702245789292,Recreation,Morning,Premium,Black,Yes,1.0
1.1063018754321465,Other,USA,Chicago,-1.4003310366547574,1.1266013173204021,0.5579190295887217,0.6647794034680221,-1.1845486332814192,0.536126197998105,0.7071554573279323,-0.6089708355271841,1.2955080648157982,1.3651036479375904,Fitness,Afternoon,Free,Black,No,0.0
0.6707043991410716,Other,India,Bangalore,-0.308720684557249,0.8404988688110221,1.2901658603603259,1.0652267838945775,-0.614488744133824,-0.4306726394504964,1.0497716887283182,0.11890224108439283,-0.9284509915443238,0.279019865212144,Competition,Afternoon,Premium,Black,Yes,0.0
-1.5902402497269745,Female,India,Delhi,1.0558300996637828,0.6403993755680966,-0.031685333427176166,0.7472127080532655,0.8287673412203015,-0.5237633509755618,0.6230764461297672,0.7635670295178747,-1.5703704124405715,-1.965536065210524,Missing,Afternoon,Basic,Black,Yes,1.0
0.9607924151432629,Female,USA,Los Angeles,0.039064276913565364,-0.34291142192233015,1.7680486828614745,0.6221566386476066,-0.8302010214580656,0.022184796543654156,0.6478279560004269,1.3526725834329467,0.8212898586265683,-1.16924530126457,Competition,Morning,Premium,White,Yes,1.0
-1.2461577669060369,Female,UK,Birmingham,-1.1889375366481056,-0.6601299331224302,-0.2672546634327264,-1.1352048707526812,0.36403697582458744,0.08884342054985404,-0.9691389896084688,-1.4873095230677231,-0.9284509915443238,1.455497072741499,Competition,Afternoon,Basic,Black,No,0.0
1.544572051050417,Other,Australia,Brisbane,0.39665674967922027,0.17774719264075725,-1.3742958021855058,-0.3247298590356497,-1.9481010262170657,2.043833917980694,-0.3328759785022082,0.11890224108439283,0.5539255025804781,0.13605524262805274,Recreation,Morning,Premium,Black,Yes,0.0
0.743106604288856,Female,Australia,Melbourne,0.7291225525989935,0.5957292032471492,-0.9525110011494732,0.27011109479248485,-0.6123046462550875,0.5999525361342234,0.2639252658529258,-0.6089708355271841,0.5539255025804781,1.5271392514920463,Competition,Morning,Free,Black,Yes,0.0
1.691213061789767,Female,India,Delhi,-1.1750969162685931,-0.7877972912494606,-0.05986144629713125,-1.1076756415399196,-1.4479078449213205,1.2759774015015102,-1.1562307465554955,0.11890224108439283,-0.9284509915443238,0.04848462606552469,Fitness,Evening,Premium,White,No,1.0
-0.616666342330344,Male,Australia,Brisbane,0.9048087643363145,1.180859147115902,-0.3672914093228634,0.9995619011529878,1.1620291303153347,-0.5254165167396136,0.9312210413503375,1.3526725834329467,0.8212898586265683,1.3469093884929735,Competition,Afternoon,Basic,Black,Yes,1.0
1.544572051050417,Female,USA,Los Angeles,-0.6862376800807163,1.3608055138365034,0.2894176312670121,0.9384073145596347,-1.7507933944550953,1.4885115680352068,0.8704659975211462,-1.4873095230677231,0.25897267409462416,-1.965536065210524,Competition,Missing,Basic,Black,Yes,1.0
0.16628489065817217,Female,USA,Los Angeles,0.06969466356804452,0.7748419343260279,-0.12630548623044724,0.5074349433459652,-0.10595746286119613,-0.33504138355814717,0.4679413832630879,0.11890224108439283,-1.5703704124405715,0.5753127817140757,Recreation,Afternoon,Premium,White,Yes,1.0
-0.6871606925777262,Other,India,Delhi,0.8522685101827162,2.1452884003696604,1.0164290158682032,2.2567844127304135,3.13171232331851,-2.1413669166343974,2.309146111915588,1.3526725834329467,1.2955080648157982,-0.4057732347518708,Competition,Afternoon,Basic,Black,Yes,1.0
-1.1768095690178901,Other,India,Delhi,-0.6537238743475421,1.9337729062116837,2.183582763780461,2.2157658188128524,1.1472715486448124,-1.6689414830107323,-2.848311716390954,-0.6089708355271841,-0.07297523146279654,0.16493780869865127,Competition,Evening,Basic,Black,Yes,1.0
1.617859327933322,Other,India,Mumbai,-0.28985238259059676,-0.7877972912494606,-1.0678243891720562,-1.258891951328005,-1.982126051144019,2.1011976641946215,-1.2842798747935567,0.7635670295178747,-0.4580463641611468,-0.3976882870916983,Fitness,Afternoon,Free,Black,Yes,0.0
0.5261484614349969,Other,UK,London,-1.4003310366547574,0.08591689112674661,-0.39778820164465695,-0.6653876290168885,-0.9037374471940796,0.7299885973354265,-0.7203267601607078,-0.6089708355271841,1.067103651125418,0.25071028978321297,Recreation,Evening,Premium,Black,No,0.0
0.022988302149390624,Other,Australia,Brisbane,1.217263808836165,0.6183822673473396,0.13834891130410648,0.8498799719059136,0.015921070131667155,-0.6788373454643274,0.8102686454730179,-1.4873095230677231,-0.9284509915443238,-1.010531943061869,Recreation,Morning,Premium,Black,No,0.0
0.5261484614349969,Other,India,Mumbai,-0.07175044278183863,-0.6071559351704644,-1.4090422186467242,-1.1629438582021139,-0.5154941226020378,0.9441551557302046,-1.0705372169943033,-0.6089708355271841,0.25897267409462416,-0.6821113833230963,Recreation,Afternoon,Premium,Black,Yes,0.0
0.38193446442781964,Female,Germany,Munich,0.12466956806738248,-1.8374140272968356,2.251209065751038,0.2461575447246708,0.07378926803469267,-1.4482227004909811,0.20645334562222661,-0.6089708355271841,0.5539255025804781,0.20798513111991299,Competition,Morning,Basic,Black,Yes,0.0
1.3251190523378964,Other,Germany,Berlin,-0.5567991264734805,0.3285227156185449,0.45726007451481165,0.21806552411381108,-1.2101653182124432,1.5704640790023976,0.16591140165307233,-0.6089708355271841,1.067103651125418,0.6556118542529495,Recreation,Afternoon,Premium,Missing,Yes,0.0
0.598384501533626,Other,USA,Chicago,-1.1337432414667827,-0.29521696570360956,0.5203949833923968,-0.40451704778057507,-0.36461278033210004,0.5645034132904889,-0.39518209929621023,-0.6089708355271841,-1.5703704124405715,1.2307488875817032,Competition,Morning,Premium,Black,Yes,0.0
-0.47530895989914296,Male,Australia,Brisbane,2.09136603959154,1.4186403848565912,1.6299012871904672,2.2653246063947745,1.7513250283313082,-2.2415189394780866,2.3325570815265952,-1.4873095230677231,-1.5703704124405715,0.25071028978321297,Competition,Afternoon,Free,Black,Yes,0.0
-0.6871606925777262,Female,India,Bangalore,-1.1612846443799112,-2.040656288368096,-1.6752095618064815,-3.1110008321570963,-0.17876285391591337,0.267085212943819,-3.304113736791922,1.3526725834329467,-0.07297523146279654,1.5211913128514043,Fitness,Afternoon,Free,Black,Yes,1.0
1.1791684078030877,Female,Germany,Berlin,-0.7057973696131384,-2.040656288368096,-0.0410578111862106,-1.6463351521936047,-1.241741618343024,1.4801927144597908,-1.6825634054495116,0.11890224108439283,0.25897267409462416,0.534794824443448,Fitness,Afternoon,Free,White,Yes,0.0
1.2521078550527232,Female,Germany,Berlin,-0.7057973696131384,-2.040656288368096,-0.0410578111862106,-1.6463351521936047,-1.241741618343024,1.4801927144597908,-1.6825634054495116,0.11890224108439283,0.25897267409462416,0.534794824443448,Fitness,Afternoon,Free,White,Yes,0.0
0.8881520237558846,Female,Australia,Sydney,0.22796989187224279,0.8265135532662551,-1.763343875371804,0.05854533242683758,-0.5690510343065239,1.335192826717953,-0.02720662756350766,0.7635670295178747,1.2955080648157982,1.050174043540717,Fitness,Afternoon,Basic,Black,Yes,0.0
0.022988302149390624,Other,USA,New York,-0.23967607830455162,-0.44054689519807133,-1.207116729003785,-1.0209385914716265,-0.2895781119197412,-0.039878656614536157,-1.0989478069894276,0.11890224108439283,0.8212898586265683,-1.5126990848698914,Fitness,Afternoon,Premium,Missing,No,1.0
1.544572051050417,Other,UK,Birmingham,-0.29613861336596303,-0.33012223225747195,-1.763343875371804,-1.1629438582021139,-1.9171708460754566,2.049167197583956,-1.1553497635958505,0.11890224108439283,0.5539255025804781,-0.5877935090073496,Fitness,Afternoon,Free,Black,Yes,0.0
0.2380761059425596,Other,Australia,Melbourne,-0.6019181887060431,1.3211652802811318,0.3933544153207137,0.9699402845472621,0.5270330486800382,-0.06177623958119614,1.0226906786383654,0.7635670295178747,0.25897267409462416,0.04848462606552469,Competition,Afternoon,Free,Black,Yes,1.0
0.09458826567883617,Male,Australia,Melbourne,-0.6472337547847897,-0.6459064912209016,1.054649485967318,-0.17368528130389244,0.13767910461672386,-0.3698309927168826,-0.13712949779033345,-1.4873095230677231,-1.5703704124405715,-1.707788475297589,Competition,Afternoon,Free,Black,Yes,0.0
0.598384501533626,Other,UK,Birmingham,-1.2445936704563048,-1.3796804354354002,-0.6074237583831903,-1.9043782952499149,-0.5638813969651278,0.6096673843570999,-1.7023425615628491,0.7635670295178747,1.2955080648157982,-0.9157979055835732,Recreation,Afternoon,Premium,Black,Yes,0.0
-0.40445261772957364,Male,Australia,Brisbane,-1.0585501234117072,0.47610277980395577,0.46572189141311726,0.18171172653047032,1.1031925211700293,-0.5072700064951063,0.24092074573797104,-1.4873095230677231,0.5539255025804781,0.4047735648392714,Competition,Morning,Premium,Black,Yes,1.0
1.617859327933322,Female,USA,Chicago,0.7467632370627904,-1.1610700321682288,-0.7784645058517072,-0.91265393451082,-1.9946965386108506,1.820958795791995,-0.9441189837782458,0.11890224108439283,-0.9284509915443238,1.3104023701282148,Competition,Evening,Premium,Black,Missing,0.0
-0.40445261772957364,Other,USA,Chicago,1.8239111395250671,0.6257343903119769,0.19666480201533465,1.0635083091925859,1.03969042091501,-0.6242055169240087,1.1451427735809114,-1.4873095230677231,-0.4580463641611468,0.13605524262805274,Fitness,Afternoon,Basic,White,Yes,1.0
0.9607924151432629,Male,UK,Manchester,0.9804583940389338,0.8007554868964338,2.751950229893696,2.074951534177838,0.1677348668832773,-0.7727605310017328,2.146878273574254,1.3526725834329467,0.25897267409462416,-1.8109624399161055,Competition,Evening,Basic,Black,Yes,1.0
0.16628489065817217,Male,India,Mumbai,-0.39716291471157034,-1.4879420265808772,-0.5011757826270989,-1.4987581890230635,0.13503624453132318,-0.04570537221657866,-1.4285539434755465,0.7635670295178747,-0.9284509915443238,1.2553398507414775,Fitness,Afternoon,Free,White,Yes,0.0
-1.0376356159090647,Other,Germany,Berlin,1.0210771508992473,-0.6141624314019244,-0.012998361056728509,-0.11507590471542452,0.7441994170691044,-0.6616840279104089,-0.15875124478561592,1.3526725834329467,0.25897267409462416,0.8134349021453344,Recreation,Afternoon,Premium,Black,Yes,1.0
0.8155896249369979,Female,India,Delhi,-0.35917914547227914,-1.4528625940345947,-1.233185049016115,-1.8626684316015676,-1.4047649494905865,1.0446271487194354,-1.847263225885793,0.11890224108439283,1.067103651125418,0.13605524262805274,Recreation,Morning,Free,White,Yes,1.0
-1.1073002361975683,Female,Australia,Sydney,0.48632502634226477,-0.8216198753758854,-1.763343875371804,-1.2049562483039624,0.49006652006287815,-0.0007867150918376831,-1.0035680836400154,0.7635670295178747,0.5539255025804781,-0.4628071862439859,Competition,Morning,Premium,Black,No,0.0
-0.26240001513565236,Female,Germany,Munich,-0.46074549092040973,-0.6317542428520653,-0.30697798635826945,-0.8429745030351178,0.6258655357312993,-0.3036862546654441,-0.9199450540674253,0.11890224108439283,-0.9284509915443238,0.26488221654567506,Recreation,Evening,Premium,Black,Yes,0.0
-2.81927495261586,Male,UK,London,-0.7647152496668083,1.7638219305041665,2.1414214448903737,2.039760121519854,-1.571967295133755,0.4330182182595005,2.095529326297098,1.3526725834329467,1.067103651125418,-0.20023340907941398,Competition,Morning,Premium,White,No,0.0
-0.11991287048315613,Male,UnknownLand,Missing,-0.8637509958809362,0.781924848844012,-1.10516193329881,-0.15189102428131057,0.5623351221775944,-0.41778398218777063,-0.21502181628449699,0.11890224108439283,-0.07297523146279654,1.3408359039432962,Recreation,Morning,Basic,Black,Yes,0.0
-0.3334819986721835,Male,Germany,Berlin,1.1424629758486646,0.8775742555859902,-0.5221878528062429,0.7798406962294154,0.8247610093614846,-0.3083731597095478,0.6664566733633036,0.7635670295178747,1.5094853232949899,0.28607594820706395,Fitness,Evening,Basic,White,No,0.0
0.45399789021912035,Male,USA,Chicago,-0.35917914547227914,-0.3078653177201335,-0.13587965472755195,-0.4811081472939048,-0.35443230729733505,0.17769434771758408,-0.5763814658469033,0.7635670295178747,1.5094853232949899,-2.0507611086634037,Fitness,Morning,Premium,Black,Yes,0.0
0.30995992984872417,Female,Germany,Hamburg,-1.3078021186639177,-0.8867144882538729,0.8885469263894242,-0.6482938628826204,-0.408150265068412,-0.24020327958510143,-0.7653675797898294,0.11890224108439283,-1.5703704124405715,0.588763376555389,Fitness,Afternoon,Free,Black,Yes,0.0
0.8155896249369979,Other,Australia,Sydney,-0.4798896083883693,0.5962465253240852,-0.04575135861716249,0.22409862030575362,-0.6928443304153182,0.7498260106856212,0.14887035521425135,0.7635670295178747,0.25897267409462416,-1.1898026750361959,Fitness,Evening,Premium,White,Yes,1.0
1.3982008725410255,Male,USA,Missing,0.6996847472527414,1.6611247145607888,1.2533639618089143,1.9315714110092443,-0.8538137546463659,1.2615485141121168,2.0793485096123514,0.7635670295178747,-1.5703704124405715,0.4872015751768934,Competition,Evening,Premium,Black,Yes,1.0
-0.897861840447026,Male,UK,London,0.4445384063542204,0.8497973899591971,-0.5274589808660362,0.5339854106312414,0.8347817773032292,-0.4242229456133365,0.47416790474411546,0.11890224108439283,0.25897267409462416,0.8846116972525161,Recreation,Afternoon,Free,Black,Yes,1.0
0.5261484614349969,Female,Germany,Berlin,2.019192615451287,-0.825404629766446,1.825957129276583,1.0151820290528992,0.3862232030948134,-1.0968205088363348,0.9273069905107206,1.3526725834329467,1.067103651125418,0.5076418371703542,Competition,Morning,Premium,White,Yes,1.0
1.1063018754321465,Other,India,Bangalore,-0.9237111401898728,-2.040656288368096,0.6689563316545395,-1.2560326404382742,-1.5356322116975598,1.2466089339543096,-1.177561045558795,0.7635670295178747,-0.4580463641611468,-1.372594324212161,Fitness,Evening,Free,Black,Yes,0.0
0.8881520237558846,Other,India,Delhi,-1.4003310366547574,1.0116536135884218,2.537614895643814,1.532596345454776,-0.14417339394465903,0.04501359670825166,1.6680747398644284,0.7635670295178747,-0.4580463641611468,1.0564702683104834,Competition,Evening,Basic,Black,Yes,0.0
0.45399789021912035,Female,Australia,Missing,-0.03471540455827524,0.014743765918141298,-0.32197312875535256,-0.20657259156306748,-0.21712683494253868,0.25502611263172353,-0.2906013602482586,0.7635670295178747,0.8212898586265683,1.3469093884929735,Recreation,Afternoon,Basic,Black,Yes,0.0
-0.04851283305920734,Female,India,Mumbai,-0.46074549092040973,1.1505528056504988,1.0010730640916166,1.1284554328387757,1.0241690270967536,-0.5254165167396136,1.082157941183537,0.7635670295178747,-0.07297523146279654,-0.14642577798444667,Competition,Afternoon,Free,Black,Yes,1.0
-0.3334819986721835,Other,Germany,Hamburg,0.4684288803237308,0.20239480669790352,-0.012998361056728509,0.24215409304872976,0.7729183551640095,-0.5971695319638756,0.32839890223919616,0.11890224108439283,-0.4580463641611468,-0.6561477834815415,Recreation,Morning,Basic,White,Yes,1.0
-0.8277624448939587,Male,Germany,Munich,-1.1475002410657933,-1.1359823281258479,2.235160654131669,0.11656878381830531,2.2668383328673936,-2.700086634664741,-0.0006219703259502166,1.3526725834329467,0.25897267409462416,1.2307488875817032,Competition,Evening,Basic,Missing,Yes,1.0
-0.616666342330344,Other,India,Mumbai,0.1307654264644915,0.08873431326933479,0.9508934483493259,0.4979199872788596,0.0851028407322112,-1.4316994540316876,0.4763159522513812,1.3526725834329467,-0.4580463641611468,-0.22348133455628427,Recreation,Morning,Free,Black,Yes,0.0
0.5261484614349969,Female,Germany,Berlin,-1.2376102606706996,0.3731283358376281,-1.2463112842791095,-0.7121484523801007,-0.8254544161667898,0.7405053448009687,-0.7695622507873136,-1.4873095230677231,0.8212898586265683,-0.14642577798444667,Recreation,Morning,Basic,Black,Yes,1.0
1.3982008725410255,Male,Australia,Brisbane,0.4564877985483986,1.6297180617118074,-0.6726654327227958,1.1437322876713336,-1.2995471028899324,1.3890625381849633,1.2388170479866658,0.7635670295178747,-0.9284509915443238,0.9742130126583325,Fitness,Afternoon,Premium,White,Yes,0.0
0.9607924151432629,Male,USA,Los Angeles,-0.8970101645567833,0.8775742555859902,0.10665114670240998,0.39597702048518973,-1.3089213466001157,0.5199829759612651,0.4838086942935962,0.7635670295178747,-1.5703704124405715,-1.3613878874033472,Recreation,Evening,Premium,Black,Yes,0.0
0.9607924151432629,Female,Australia,Melbourne,-0.308720684557249,-0.699620491053577,-1.6209740619944377,-1.4379321208010887,-1.3171535769099532,1.0007156639833923,-1.2479107547192159,-1.4873095230677231,0.5539255025804781,0.4529879061549731,Fitness,Evening,Free,Black,No,0.0
-0.616666342330344,Female,Australia,Melbourne,-0.6019181887060431,-0.8983727802512343,0.9856778783517193,-0.35192265050025157,0.6637430953938709,-1.3318570813220967,-0.4106617503587704,1.3526725834329467,1.067103651125418,0.4461228736774754,Fitness,Evening,Basic,White,Yes,1.0
0.38193446442781964,Female,Germany,Munich,-1.4003310366547574,-0.037411348793114155,-1.6517999063954414,-1.3253093113901337,-0.6137608753495666,0.5100110704034763,-1.2777958901034976,-0.6089708355271841,-1.5703704124405715,-1.0986157582654779,Fitness,Afternoon,Premium,Black,Yes,0.0
1.3982008725410255,Other,USA,Los Angeles,-0.09649572015397123,0.8544391921737232,-0.027006368278773004,0.5622846571905522,-1.6253305560102085,1.5105841641975681,0.47903992247417304,-0.6089708355271841,1.5094853232949899,-1.6263530079127317,Competition,Afternoon,Premium,Black,Yes,0.0
0.16628489065817217,Other,Germany,Berlin,-0.22716306143722098,1.6748052256416746,-0.15509116855844057,1.1640397221806325,0.7511189018421617,-0.5270703809451444,1.251942742114187,1.3526725834329467,1.2955080648157982,-0.7082643147431725,Competition,Afternoon,Basic,Black,Yes,0.0
1.4713522244494153,Male,UK,London,-1.4003310366547574,-1.6792224649653729,-1.2595002517230927,-2.680501377863122,-1.8224376524400792,1.767026253999714,-2.1825765405464894,0.7635670295178747,-0.07297523146279654,-1.6003123488560964,Competition,Afternoon,Basic,Black,Yes,0.0
-1.5218043565792725,Female,Germany,Munich,-1.1063096651990967,-0.18661636790300024,-0.7897903997201541,-0.980963425295497,-0.1943153525111589,-0.1596859712520948,-0.9657289305730881,-0.6089708355271841,-0.9284509915443238,1.125394621783939,Competition,Afternoon,Premium,Black,Yes,1.0
-0.26240001513565236,Male,Germany,Munich,0.48036169992451644,-0.08740481094115199,-0.6398984580840669,-0.23305473263891516,0.3603484784340766,-0.3809667888860972,-0.2079032445802302,0.11890224108439283,-0.07297523146279654,0.8393985149229477,Recreation,Evening,Premium,Black,Yes,0.0
-0.616666342330344,Male,Germany,Berlin,0.4982455419951372,-1.6569671500593937,0.0930011561947227,-0.8378621932144467,0.2871309078758796,-1.057010214236356,-0.9091594222533335,0.11890224108439283,-1.5703704124405715,1.2676077238554144,Recreation,Morning,Free,White,Missing,1.0
-1.3843449426205798,Male,USA,New York,0.4743963199012433,0.3443251856682746,1.8631811168055268,1.2178532723638018,0.14561655715186994,-1.9173522030636874,1.211581237383901,-1.4873095230677231,-0.07297523146279654,1.1316305568909557,Competition,Evening,Free,Black,Yes,1.0
-0.11991287048315613,Male,Germany,Missing,-0.04088108157626577,-0.5108038579832549,-0.2475339153458174,-0.5614814010522802,0.39828028571274043,-0.7464490688093148,-0.5249753529143296,1.3526725834329467,-0.4580463641611468,0.7677700714637373,Recreation,Morning,Premium,Black,Yes,1.0
1.0335094624552033,Female,USA,Los Angeles,-0.7188589818852056,-0.09927539200833911,-0.49594070473422863,-0.6239966359665102,-0.9688708689456292,1.1830760464235581,-0.6490518082314507,1.3526725834329467,1.5094853232949899,0.9614785685475064,Recreation,Afternoon,Free,Black,Yes,1.0
-0.04851283305920734,Male,India,Missing,-0.3844880941263273,-0.6708448900465728,0.9120040988409035,-0.18243208945045852,0.7600272319353882,-0.4777564181900752,-0.2355053665652336,-0.6089708355271841,-0.07297523146279654,1.0438726781295307,Fitness,Morning,Premium,White,Yes,1.0
0.16628489065817217,Female,UK,Birmingham,1.5253422240534742,1.1266013173204021,0.46572189141311726,1.442929344721421,0.4636807205114472,-0.9270115662151224,1.3611413085667643,0.7635670295178747,-1.5703704124405715,-0.520644040032392,Fitness,Missing,Premium,White,Yes,1.0
-0.897861840447026,Female,USA,Chicago,-0.29613861336596303,-0.45380323691590263,0.2630942778361775,-0.3587471218228704,0.24550717581467293,-0.9069522413689346,-0.29060990682848753,1.3526725834329467,1.067103651125418,1.1066571799230502,Fitness,Evening,Free,Black,Yes,0.0
0.30995992984872417,Other,India,Bangalore,0.6288436995537691,1.3918735173446615,-0.569894282869101,1.0238415315754723,0.40571384062304683,-0.4533314743591702,1.1041712800748407,-0.6089708355271841,-1.5703704124405715,-1.2738999443583778,Fitness,Morning,Free,Black,No,0.0
-1.5218043565792725,Female,USA,New York,0.8230189660646459,0.09998184731548472,-1.763343875371804,-0.34283977002269284,0.5642497576584077,0.4266312347731008,-0.23370816230775848,-0.6089708355271841,-0.9284509915443238,-1.263214282703427,Recreation,Afternoon,Basic,Black,No,1.0
-1.1073002361975683,Other,USA,New York,0.2763459811908612,-0.29837433652106765,-0.9704375855922348,-0.6022504371003884,0.5872767084741963,-0.009438109550971742,-0.5384027683528695,1.3526725834329467,-0.07297523146279654,-0.7522902973237111,Competition,Afternoon,Basic,White,Yes,1.0
0.38193446442781964,Female,UK,London,0.3846650627783455,-1.3182741384649055,-0.46467836186122274,-1.0129095551680902,-0.23253278154249699,-0.048622170891803915,-0.9583275030963799,-0.6089708355271841,0.8212898586265683,1.3529784981651538,Recreation,Evening,Basic,White,Yes,0.0
-0.897861840447026,Female,Australia,Brisbane,0.14903826420514665,-1.8559545421636428,-0.10246093296335622,-1.1937047828815175,0.8568854107317191,-0.6531350437971268,-1.20278751200006,-1.4873095230677231,-0.07297523146279654,1.0312544514465654,Recreation,Morning,Premium,Black,Yes,0.0
0.9607924151432629,Female,Australia,Melbourne,-0.2084164163885592,-0.15926468892414034,-0.8527667326214392,-0.6336983725549845,-1.2366083841623026,1.386200391949962,-0.49296900514351444,-1.4873095230677231,-0.07297523146279654,-1.3391639465922034,Recreation,Afternoon,Free,Black,Yes,0.0
-0.40445261772957364,Other,USA,New York,1.0558300996637828,-1.6848298899433793,1.0698707877874034,-0.07855087517604033,0.6181267117077455,-1.222503732139379,-0.07687302166254499,1.3526725834329467,0.8212898586265683,-0.6303676484819012,Fitness,Afternoon,Premium,Black,Yes,1.0
-0.6871606925777262,Other,Germany,Berlin,-1.1475002410657933,-0.10522633796614903,0.9120040988409035,-0.05719836330855906,1.4255143375374333,-1.085407187237104,-0.03312732744671657,0.7635670295178747,-0.07297523146279654,-0.07810586834526462,Fitness,Evening,Free,Black,Missing,1.0
-0.967821134277679,Male,India,Mumbai,-1.0994677110456954,0.6525805405228984,1.0622648732944364,0.5979147449284162,0.933856490626026,-1.4648094034602899,0.617056126714417,-1.4873095230677231,1.067103651125418,0.03375010480661141,Fitness,Afternoon,Premium,Black,Yes,0.0
